{
  "country_auc_target": 0.99380782386699,
  "country_auc_spd": 0.9948265195098883,
  "recon_rel": 0.010732127774863667,
  "config": {
    "C": 40,
    "steps": 10000,
    "lr": 0.001,
    "seed": 0,
    "sched": "constant",
    "unit_norm": 0,
    "init_scale": 1.0,
    "init_type": "xavier_normal",
    "pm": 1.0,
    "schatten": "1.0",
    "topk": "10",
    "m": "none",
    "multi": 0,
    "model": "gate"
  },
  "PR_effective_components": 10.460127774990758,
  "n_eff_above_5pct": 14,
  "recon_k95": 4,
  "recon_curve": [
    0.5403549256512186,
    0.8052193484614674,
    0.9303891310686171,
    0.9785433896786397,
    0.9741094857809289,
    0.9897739313473806,
    0.9915037583291259,
    0.9939322718512882,
    0.9932798088478961,
    0.9937029319945101,
    0.9934398133991367,
    0.9924513408381394,
    0.9932851423329375,
    0.9930931368714487,
    0.993278031019549,
    0.9937864899268246,
    0.993974939731619,
    0.9942985044907944,
    0.9941384999395538,
    0.9941527225663308,
    0.9939553836198007,
    0.9938576030607092,
    0.9938504917473208,
    0.9940353858954211,
    0.9939927180150903,
    0.9941918347899673,
    0.9942398361553395,
    0.9944620646987292,
    0.9944442864152581,
    0.9945296221759197,
    0.9945705122279034,
    0.994474509497159,
    0.9941527225663308,
    0.9941509447379837,
    0.9942967266624473,
    0.9943162827742655,
    0.9945118438924485,
    0.9946487366751765,
    0.9947642955177391,
    0.9948265195098883
  ],
  "pareto_area": 0.01960343938241126,
  "recon_k95_isolated": 1
}