{
  "country_auc_target": 0.99380782386699,
  "country_auc_spd": 0.9939447166497181,
  "recon_rel": 0.0013657349926985193,
  "config": {
    "C": 40,
    "steps": 10000,
    "lr": 0.001,
    "seed": 0,
    "sched": "constant",
    "unit_norm": 0,
    "init_scale": 1.0,
    "init_type": "xavier_normal",
    "pm": 1.0,
    "schatten": "none",
    "topk": "none",
    "m": "none",
    "multi": 0,
    "model": "gate"
  },
  "PR_effective_components": 36.14989608405279,
  "n_eff_above_5pct": 40,
  "recon_k95": 17,
  "recon_curve": [
    0.5058810561722644,
    0.5153853265159543,
    0.5214921668883026,
    0.5220379601908677,
    0.528144800563216,
    0.5432598971704085,
    0.5497063027570562,
    0.5641742698458978,
    0.5828965801693915,
    0.6232337275371388,
    0.6964855889234183,
    0.7618901159855214,
    0.8290209143726754,
    0.8822153163467761,
    0.9178625525348276,
    0.9407663151307415,
    0.9571134467824862,
    0.9712329595152929,
    0.9779158162721073,
    0.982575504369902,
    0.9851231323913213,
    0.9882841111924962,
    0.990097496106556,
    0.9905650649618478,
    0.9909579650265607,
    0.9920957751687159,
    0.9929046870666544,
    0.9934593695109549,
    0.9940229410969912,
    0.9941616117080664,
    0.9943767289380676,
    0.994490509952283,
    0.9946629593019535,
    0.9946398475334409,
    0.9945616230861678,
    0.9944353972735225,
    0.9943198384309598,
    0.9943696176246791,
    0.9941491669096365,
    0.9939447166497181
  ],
  "pareto_area": 0.1390639587352369,
  "recon_k95_isolated": 1
}