{
  "country_auc_target": 0.99380782386699,
  "country_auc_spd": 0.9935162600180627,
  "recon_rel": 0.010079562497318367,
  "config": {
    "C": 40,
    "steps": 10000,
    "lr": 0.001,
    "seed": 0,
    "sched": "constant",
    "unit_norm": 0,
    "init_scale": 1.0,
    "init_type": "xavier_normal",
    "pm": 1.0,
    "schatten": "0.1",
    "topk": "10",
    "m": "none",
    "multi": 0,
    "model": "gate"
  },
  "PR_effective_components": 9.44040163655205,
  "n_eff_above_5pct": 11,
  "recon_k95": 2,
  "recon_curve": [
    0.609958683269213,
    0.9493087803386407,
    0.8622876384039369,
    0.9497301256569076,
    0.982346164513124,
    0.9918717687969791,
    0.9920317733482197,
    0.9941064990293057,
    0.9938558252323622,
    0.9929918006556631,
    0.9927909060524388,
    0.9926486797846694,
    0.992778461254009,
    0.9928495743878937,
    0.9932300296541768,
    0.9932086957140114,
    0.9935447052716166,
    0.9934558138542607,
    0.9934682586526906,
    0.9936460414874023,
    0.9937740451283947,
    0.9939056044260814,
    0.993974939731619,
    0.9941082768576528,
    0.9939269383662469,
    0.993898493112693,
    0.9938024903819487,
    0.9936460414874023,
    0.9938504917473208,
    0.9939162713961641,
    0.9942451696403809,
    0.9941971682750087,
    0.9940727202907105,
    0.994323394087654,
    0.9942540587821165,
    0.9942860596923646,
    0.9939856067017018,
    0.9937242659346754,
    0.9934700364810377,
    0.9935162600180627
  ],
  "pareto_area": 0.015391339498534636,
  "recon_k95_isolated": 1
}