{
  "country_auc_target": 0.99380782386699,
  "country_auc_spd": 0.9938736035158333,
  "recon_rel": 0.0002620114370427674,
  "config": {
    "C": 40,
    "steps": 20000,
    "lr": 0.001,
    "seed": 0,
    "sched": "constant",
    "unit_norm": 0,
    "init_scale": 1.0,
    "init_type": "xavier_normal",
    "pm": 1.0,
    "schatten": "none",
    "topk": "none",
    "m": "none",
    "multi": 0,
    "model": "gate"
  },
  "PR_effective_components": 35.07975616671588,
  "n_eff_above_5pct": 40,
  "recon_k95": 15,
  "recon_curve": [
    0.5056126040918497,
    0.5111772068183272,
    0.5203294671492878,
    0.5602879370790992,
    0.5792573655428421,
    0.5896629948585205,
    0.6054945562896011,
    0.6534923660050774,
    0.7524747370591874,
    0.8215735914266006,
    0.8867381116618428,
    0.9097076539066,
    0.9206999665768271,
    0.9437601780672873,
    0.9580290283812517,
    0.9692933487885877,
    0.977563806259378,
    0.9804474438384025,
    0.9840528797263567,
    0.9856511474104153,
    0.9888512384352266,
    0.9903926156121774,
    0.991734876014251,
    0.9927660164555792,
    0.9928406852461581,
    0.9928175734776455,
    0.9934504803692193,
    0.9938576030607092,
    0.9939198270528584,
    0.9941118325143471,
    0.994156278223025,
    0.9943553949979022,
    0.9943660619679848,
    0.9945100660641014,
    0.9942967266624473,
    0.9940993877159172,
    0.9942647257521992,
    0.99400516281352,
    0.9940887207458345,
    0.9938736035158333
  ],
  "pareto_area": 0.10748043950419106
}