{
  "country_auc_target": 0.99380782386699,
  "country_auc_spd": 0.9948887435020374,
  "recon_rel": 0.005145182397895216,
  "config": {
    "C": 40,
    "steps": 10000,
    "lr": 0.001,
    "seed": 0,
    "sched": "constant",
    "unit_norm": 0,
    "init_scale": 1.0,
    "init_type": "xavier_normal",
    "pm": 1.0,
    "schatten": "10.0",
    "topk": "10",
    "m": "none",
    "multi": 0,
    "model": "gate"
  },
  "PR_effective_components": 7.623002178886358,
  "n_eff_above_5pct": 10,
  "recon_k95": 3,
  "recon_curve": [
    0.628112088521629,
    0.7440922764025287,
    0.9598335241535759,
    0.8218153760818085,
    0.9719992035329005,
    0.9885792306981176,
    0.9900477169128367,
    0.9912424175620995,
    0.9924068951294615,
    0.9939358275079825,
    0.9938007125536015,
    0.9937527111882294,
    0.9937829342701303,
    0.9936673754275677,
    0.9933135875864914,
    0.9934575916826078,
    0.9934504803692193,
    0.9934060346605414,
    0.9935304826448397,
    0.99361048492046,
    0.9938149351803784,
    0.9938949374559988,
    0.9937864899268246,
    0.9939838288733546,
    0.9940069406418671,
    0.9940673868056691,
    0.9940247189253383,
    0.9942576144388107,
    0.9940904985741816,
    0.9938718256874862,
    0.9941971682750087,
    0.9944869542955889,
    0.994367839796332,
    0.9944816208105475,
    0.9946078466231928,
    0.9946985158688958,
    0.9947998520846815,
    0.9949936353745173,
    0.9949545231508807,
    0.9948887435020374
  ],
  "pareto_area": 0.02240041705440785,
  "recon_k95_isolated": 1
}