{
  "country_auc_target": 0.9786269476109543,
  "country_auc_spd": 0.9741930437132434,
  "recon_rel": 0.09172181115500301,
  "config": {
    "C": 40,
    "steps": 20000,
    "lr": 0.001,
    "seed": 1,
    "sched": "constant",
    "unit_norm": 0,
    "init_scale": 1.0,
    "init_type": "xavier_normal",
    "pm": 1.0,
    "schatten": "none",
    "topk": "none",
    "m": "none",
    "multi": 0,
    "model": "phase"
  },
  "PR_effective_components": 32.23308248716547,
  "n_eff_above_5pct": 40,
  "recon_k95": 33,
  "recon_curve": [
    0.5313715590132342,
    0.5115381059727921,
    0.5084695742456674,
    0.5196485588923418,
    0.5035165444705982,
    0.504451682181182,
    0.5022436193740621,
    0.5147257521991737,
    0.501937832898358,
    0.5116536648153548,
    0.5108074185221269,
    0.5072073161192141,
    0.5070348667695437,
    0.500288008192233,
    0.5097158319169968,
    0.5076108831540097,
    0.5164040221588525,
    0.511401213190064,
    0.5070633120230976,
    0.5567073907880047,
    0.5875953804908228,
    0.6163535318337944,
    0.5884202928438853,
    0.6392057374076419,
    0.6573858100852646,
    0.7020413025081602,
    0.764231515918675,
    0.7927372156363559,
    0.8468436435525277,
    0.865711735800485,
    0.8924609411112139,
    0.9215639911535262,
    0.9360124021305495,
    0.8975544193257052,
    0.8755289039332674,
    0.9104081182753643,
    0.9488838793636797,
    0.9638034148526892,
    0.9677964173203149,
    0.9741930437132434
  ],
  "pareto_area": 0.31757547853409124
}