{
  "country_auc_target": 0.9786269476109543,
  "country_auc_spd": 0.9761646553501966,
  "recon_rel": 0.05225925394324303,
  "config": {
    "C": 40,
    "steps": 5000,
    "lr": 0.001,
    "seed": 0,
    "sched": "constant",
    "unit_norm": 0,
    "init_scale": 1.0,
    "init_type": "xavier_normal",
    "pm": 1.0,
    "schatten": "none",
    "topk": "none",
    "m": "none",
    "multi": 0,
    "model": "phase"
  },
  "PR_effective_components": 34.8150459219222,
  "n_eff_above_5pct": 40,
  "recon_k95": 35,
  "recon_curve": [
    0.5223384131815305,
    0.5306159819657092,
    0.5258780694206413,
    0.5211970473826811,
    0.5110847597442771,
    0.5057477190462307,
    0.5130830388064371,
    0.5053068176161455,
    0.5264576414618016,
    0.5306675389877756,
    0.5130901501198256,
    0.5048196926490354,
    0.5066704119583846,
    0.5360259136259875,
    0.5181054038870438,
    0.5241837990058384,
    0.535563678255737,
    0.5402358111519616,
    0.5653974157487146,
    0.5536317477474915,
    0.5737798764053733,
    0.5730509667830552,
    0.5717638190597422,
    0.5415158475618862,
    0.559893259186039,
    0.5066810789284673,
    0.5566362776541199,
    0.603434053235292,
    0.7008590466573271,
    0.759854502528072,
    0.8160374339536769,
    0.8836731355914124,
    0.903833709047724,
    0.9147300189872067,
    0.9389582637017231,
    0.954702711543795,
    0.9622033693402835,
    0.9672328457342787,
    0.9716400822067828,
    0.9761646553501966
  ],
  "pareto_area": 0.3411268816725552
}