{
  "country_auc_target": 0.9786269476109543,
  "country_auc_spd": 0.9609571116689541,
  "recon_rel": 0.25433511275595644,
  "config": {
    "C": 40,
    "steps": 20000,
    "lr": 0.001,
    "seed": 0,
    "sched": "constant",
    "unit_norm": 0,
    "init_scale": 1.0,
    "init_type": "xavier_normal",
    "pm": 1.0,
    "schatten": "none",
    "topk": "none",
    "m": "none",
    "multi": 0,
    "model": "phase"
  },
  "PR_effective_components": 11.371600090461337,
  "n_eff_above_5pct": 26,
  "recon_k95": 37,
  "recon_curve": [
    0.5188752035613458,
    0.5009938060460386,
    0.5029103050042313,
    0.5112660982356831,
    0.5096233848429467,
    0.5344152011434993,
    0.5586274454028914,
    0.5467764416410067,
    0.5302621941246328,
    0.5140288434871036,
    0.5121532345808948,
    0.5422874250645352,
    0.5497418593239985,
    0.5445274887819032,
    0.5584603295382624,
    0.536395701922188,
    0.536091693274831,
    0.5475871313672922,
    0.5487391641362244,
    0.5552744611402279,
    0.5565207188115573,
    0.5586025558060318,
    0.5850264185292382,
    0.5858139964870112,
    0.5806814060488832,
    0.5983085741105525,
    0.6355718562661338,
    0.6112084965972365,
    0.6027567006350403,
    0.6064208048584493,
    0.6000526237190746,
    0.6637664360230691,
    0.6810184823034966,
    0.6787250837357152,
    0.7308705669850165,
    0.8074416338953642,
    0.915490929519773,
    0.9290770937484444,
    0.9483825317697926,
    0.9609571116689541
  ],
  "pareto_area": 0.36272568382098935
}