{
  "country_auc_target": 0.9786269476109543,
  "country_auc_spd": 0.9768526749205311,
  "recon_rel": 0.05757367937560582,
  "config": {
    "C": 40,
    "steps": 2000,
    "lr": 0.001,
    "seed": 0,
    "sched": "constant",
    "unit_norm": 0,
    "init_scale": 1.0,
    "init_type": "xavier_normal",
    "pm": 1.0,
    "schatten": "none",
    "topk": "none",
    "m": "none",
    "multi": 0,
    "model": "phase"
  },
  "PR_effective_components": 34.40039203353905,
  "n_eff_above_5pct": 40,
  "recon_k95": 34,
  "recon_curve": [
    0.5267936510194068,
    0.5291723853478498,
    0.5288132640217322,
    0.5111007601994012,
    0.5147044182590083,
    0.514972870339423,
    0.5226886453659126,
    0.5195187774230022,
    0.5191489891268019,
    0.5202032413366424,
    0.523481556808727,
    0.5314497834605073,
    0.5352543361233386,
    0.5352347800115203,
    0.5350996650571394,
    0.5306408715625689,
    0.5337982947070494,
    0.5395335689548503,
    0.5432225627751189,
    0.5555980258994033,
    0.5712535823241194,
    0.5798173814721841,
    0.5800644996124333,
    0.6037042831440539,
    0.5895421025309164,
    0.5639200403922601,
    0.5086722466772389,
    0.567553921533768,
    0.6409533426728582,
    0.7179386435880842,
    0.8117297558686114,
    0.8778578590679913,
    0.9198306085150867,
    0.9417814551169456,
    0.9483131964642549,
    0.9609731121240782,
    0.9672612909878325,
    0.9727850036623263,
    0.9758962032697819,
    0.9768526749205311
  ],
  "pareto_area": 0.3385099839290537
}