{
  "country_auc_target": 0.9786269476109543,
  "country_auc_spd": 0.9217364405031966,
  "recon_rel": 0.25730087956676667,
  "config": {
    "C": 40,
    "steps": 10000,
    "lr": 0.001,
    "seed": 0,
    "sched": "constant",
    "unit_norm": 0,
    "init_scale": 1.0,
    "init_type": "xavier_normal",
    "pm": 1.0,
    "schatten": "1.0",
    "topk": "10",
    "m": "none",
    "multi": 0,
    "model": "phase"
  },
  "PR_effective_components": 7.923137372659543,
  "n_eff_above_5pct": 9,
  "recon_k95": 4,
  "recon_curve": [
    0.5907972493439814,
    0.7544321260693637,
    0.8204037803741973,
    0.936686199074107,
    0.9748508402016769,
    0.9768348966370599,
    0.9770357912402842,
    0.9771531279111939,
    0.9773629116561537,
    0.9767833396149935,
    0.9751601823340753,
    0.9747086139339075,
    0.9739228138044815,
    0.9719565356525697,
    0.9709485069797541,
    0.971568969072898,
    0.9704187141323131,
    0.9685039930024676,
    0.96803997980387,
    0.9667474985955156,
    0.9653465698579871,
    0.9660328115999745,
    0.961652242552677,
    0.9603970957396122,
    0.9576681292267869,
    0.9536502371623015,
    0.9515701779961742,
    0.9460837997169698,
    0.9423610271581059,
    0.9405849766393355,
    0.9341065701424396,
    0.9363697456283201,
    0.9332603238492118,
    0.9320940684535026,
    0.929464660328116,
    0.9224973510357628,
    0.922333790827828,
    0.9242236223608138,
    0.9242165110474253,
    0.9217364405031966
  ],
  "pareto_area": -0.017101108645148286,
  "recon_k95_isolated": 4
}