{
  "country_auc_target": 0.9786269476109543,
  "country_auc_spd": 0.9567418806579387,
  "recon_rel": 0.1704103232361878,
  "config": {
    "C": 40,
    "steps": 40000,
    "lr": 0.001,
    "seed": 0,
    "sched": "constant",
    "unit_norm": 0,
    "init_scale": 1.0,
    "init_type": "xavier_normal",
    "pm": 1.0,
    "schatten": "none",
    "topk": "none",
    "m": "none",
    "multi": 0,
    "model": "phase"
  },
  "PR_effective_components": 5.990259684872323,
  "n_eff_above_5pct": 9,
  "recon_k95": 37,
  "recon_curve": [
    0.5389415521152602,
    0.5223401910098776,
    0.5000408900519837,
    0.5207117002439181,
    0.5072393170294622,
    0.5054650443390389,
    0.5161622375036445,
    0.5124270201463508,
    0.5161035691681897,
    0.5171293761244764,
    0.5233179966007921,
    0.5064535169000363,
    0.5261322988742791,
    0.5253393874314647,
    0.5399495807880758,
    0.5433683446995825,
    0.5385024285135221,
    0.5417682991871768,
    0.5371992803350851,
    0.510901643424524,
    0.5348472134318487,
    0.5495551873475513,
    0.5460030863100106,
    0.550961449570121,
    0.5358623534180528,
    0.5422856472361881,
    0.5856379914806465,
    0.6346296072421616,
    0.671515989788154,
    0.6898133991366866,
    0.7494773184659475,
    0.8051749027527895,
    0.8429661999274646,
    0.8671482211049559,
    0.8637116789099779,
    0.9029341279040826,
    0.9293313232020822,
    0.9364124135086509,
    0.9495025636284765,
    0.9567418806579387
  ],
  "pareto_area": 0.34428483923936976
}