{
  "country_auc_target": 0.9786269476109543,
  "country_auc_spd": 0.9619295837748274,
  "recon_rel": 0.09725761120328882,
  "config": {
    "C": 40,
    "steps": 10000,
    "lr": 0.001,
    "seed": 0,
    "sched": "constant",
    "unit_norm": 0,
    "init_scale": 1.0,
    "init_type": "xavier_normal",
    "pm": 1.0,
    "schatten": "none",
    "topk": "none",
    "m": "none",
    "multi": 0,
    "model": "phase"
  },
  "PR_effective_components": 35.99102398510824,
  "n_eff_above_5pct": 40,
  "recon_k95": 31,
  "recon_curve": [
    0.5068268608529309,
    0.521241493091359,
    0.5112252081836994,
    0.5219935144821897,
    0.5264860867153555,
    0.5264114179247765,
    0.5170884860724927,
    0.5245091415933609,
    0.5382641995150084,
    0.5382090868362478,
    0.5146777508338015,
    0.5152022101962012,
    0.5244006940641868,
    0.5269127655186636,
    0.5230602114904601,
    0.5290870495871882,
    0.5107256384181594,
    0.5171916001166255,
    0.5022542863441448,
    0.5063024014905313,
    0.5014898201548844,
    0.5050828112444088,
    0.5014258183343882,
    0.5179791780743985,
    0.5883402905682651,
    0.5903527922572019,
    0.6836514460855776,
    0.8362122300367655,
    0.8590875473791254,
    0.8977535361005824,
    0.9151389195070437,
    0.9118392700947938,
    0.8980326551510799,
    0.9261365656623122,
    0.9311855981681256,
    0.9042621656793793,
    0.9250467568855292,
    0.9350345965396349,
    0.9522244188279133,
    0.9619295837748274
  ],
  "pareto_area": 0.32052520897427267
}