{
  "country_auc_target": 0.9786269476109543,
  "country_auc_spd": 0.5403620369646069,
  "recon_rel": 4.239036121973945,
  "config": {
    "C": 40,
    "steps": 10000,
    "lr": 0.001,
    "seed": 0,
    "sched": "constant",
    "unit_norm": 0,
    "init_scale": 1.0,
    "init_type": "xavier_normal",
    "pm": 1.0,
    "schatten": "0.1",
    "topk": "10",
    "m": "none",
    "multi": 0,
    "model": "phase"
  },
  "PR_effective_components": 23.086026326323893,
  "n_eff_above_5pct": 32,
  "recon_k95": 1,
  "recon_curve": [
    0.5385539855355885,
    0.5400758066007211,
    0.5396953513344379,
    0.5233535531677346,
    0.5379957474345937,
    0.5324364781931575,
    0.5291386066092547,
    0.5773515335547322,
    0.584827301754361,
    0.6165188698700763,
    0.5132839334096614,
    0.5010080286728156,
    0.5252824969243569,
    0.5369574956798772,
    0.5416171837776719,
    0.5731576364838822,
    0.5861908960966001,
    0.5322409170749746,
    0.5205712518044958,
    0.5273625560904843,
    0.553215735914266,
    0.5635360294692827,
    0.5602079348034789,
    0.5605706117862909,
    0.5626862275193606,
    0.5601706004081893,
    0.5493187361773846,
    0.5514254627687187,
    0.5556566942348582,
    0.5461897582864579,
    0.5471622303923311,
    0.543768356077684,
    0.5428847753891666,
    0.539997582153448,
    0.5389433299436073,
    0.5411585040641156,
    0.5404598175236984,
    0.5412082832578349,
    0.5417167421651105,
    0.5403620369646069
  ],
  "pareto_area": -0.01127843851241536,
  "recon_k95_isolated": 1
}