{
  "country_auc_target": 0.9786269476109543,
  "country_auc_spd": 0.9774340247900385,
  "recon_rel": 0.0298467907655969,
  "config": {
    "C": 40,
    "steps": 10000,
    "lr": 0.001,
    "seed": 0,
    "sched": "constant",
    "unit_norm": 0,
    "init_scale": 1.0,
    "init_type": "xavier_normal",
    "pm": 1.0,
    "schatten": "none",
    "topk": "none",
    "m": "none",
    "multi": 0,
    "model": "phase"
  },
  "PR_effective_components": 27.778155051827305,
  "n_eff_above_5pct": 40,
  "recon_k95": 34,
  "recon_curve": [
    0.5291812744895854,
    0.5248042610989824,
    0.5315208965943921,
    0.5309555471800087,
    0.5304773113546342,
    0.5297395125905804,
    0.5047574686568863,
    0.5080855633226901,
    0.5005511267876064,
    0.5044232369276281,
    0.5099878396541058,
    0.5143026290525597,
    0.5185338605186992,
    0.5257767332048556,
    0.5249500430234461,
    0.5185285270336578,
    0.5107291940748537,
    0.5061192851707782,
    0.5145977485581812,
    0.512217236401391,
    0.506448183414995,
    0.5051699248334175,
    0.5055379353012708,
    0.52357222605443,
    0.5515836894916122,
    0.6018962317150355,
    0.6633664246449676,
    0.726609112436976,
    0.7747633710469987,
    0.836658464951892,
    0.8684264796865333,
    0.8994922522240633,
    0.9192403695038437,
    0.9476038429537551,
    0.9611348945036658,
    0.9714356319468642,
    0.9764099956620989,
    0.9771780175080536,
    0.977018012956813,
    0.9774340247900385
  ],
  "pareto_area": 0.3344507727697921,
  "recon_k95_isolated": 13
}