{
  "country_auc_target": 0.9786269476109543,
  "country_auc_spd": 0.7296580880522824,
  "recon_rel": 1.239504541760302,
  "config": {
    "C": 40,
    "steps": 10000,
    "lr": 0.001,
    "seed": 0,
    "sched": "constant",
    "unit_norm": 0,
    "init_scale": 1.0,
    "init_type": "xavier_normal",
    "pm": 1.0,
    "schatten": "10.0",
    "topk": "10",
    "m": "none",
    "multi": 0,
    "model": "phase"
  },
  "PR_effective_components": 13.156392909782626,
  "n_eff_above_5pct": 27,
  "recon_k95": 2,
  "recon_curve": [
    0.5829339145646809,
    0.6992234445779791,
    0.8000494236280499,
    0.8151022962430932,
    0.9542138087483377,
    0.9547453794241259,
    0.9520448581648545,
    0.944785985023574,
    0.9465584798856501,
    0.9416018944538866,
    0.9501959166838524,
    0.9570992241557094,
    0.9609197772736646,
    0.9613820126439152,
    0.9558334103725618,
    0.9528591035478342,
    0.9515132874890664,
    0.9433210544655493,
    0.9279001713826527,
    0.9095938728923845,
    0.8998531513785281,
    0.8816481891040456,
    0.8615445061548417,
    0.8470392046707106,
    0.839869222946786,
    0.8269533000049779,
    0.819081076083942,
    0.8115199721236516,
    0.795659965439017,
    0.7912900633618023,
    0.7787225947760292,
    0.7632892668947028,
    0.752240063717368,
    0.7399499363537452,
    0.7430629137895478,
    0.738326779072827,
    0.7362164968247986,
    0.7375196450032356,
    0.7322181608721314,
    0.7296580880522824
  ],
  "pareto_area": -0.16107600466203564,
  "recon_k95_isolated": 1
}