{
  "country_auc_target": 0.9792365118336926,
  "country_auc_spd": 0.9791083201729163,
  "recon_rel": 0.002326716477287535,
  "config": {
    "C": 40,
    "steps": 10000,
    "lr": 0.001,
    "seed": 0,
    "sched": "constant",
    "unit_norm": 0,
    "init_scale": 1.0,
    "init_type": "xavier_normal",
    "pm": 1.0,
    "schatten": "0.1",
    "topk": "10",
    "m": "none",
    "multi": 0,
    "model": "poly"
  },
  "PR_effective_components": 6.797428464988223,
  "n_eff_above_5pct": 11,
  "recon_k95": 5,
  "recon_curve": [
    0.5610129989904906,
    0.609896752299883,
    0.8903320342058082,
    0.9117756503501234,
    0.9703717024030595,
    0.9687621848844228,
    0.974605588088146,
    0.9767243113704223,
    0.9775379723284057,
    0.9771658604242076,
    0.9792721206283528,
    0.9793255338203429,
    0.9792543162310228,
    0.9791937812801006,
    0.9791848790814355,
    0.9792400727131587,
    0.9791652942443725,
    0.9791724160033045,
    0.9791991225992995,
    0.9791528311662414,
    0.9790709309385232,
    0.9790406634630621,
    0.979017517746533,
    0.9791136614921153,
    0.9791243441305133,
    0.9790780526974552,
    0.9790192981862661,
    0.9790887353358533,
    0.97903354170413,
    0.9790299808246641,
    0.9790833940166542,
    0.9790655896193242,
    0.9791065397331833,
    0.9791047592934503,
    0.9790673700590572,
    0.9790994179742513,
    0.9791083201729163,
    0.9791261245702464,
    0.9791528311662414,
    0.9791083201729163
  ],
  "pareto_area": 0.024827385527218183,
  "recon_k95_isolated": 5
}