{
  "country_auc_target": 0.9792365118336926,
  "country_auc_spd": 0.9792988272243479,
  "recon_rel": 0.00028713203119175496,
  "config": {
    "C": 40,
    "steps": 10000,
    "lr": 0.001,
    "seed": 0,
    "sched": "constant",
    "unit_norm": 0,
    "init_scale": 1.0,
    "init_type": "xavier_normal",
    "pm": 1.0,
    "schatten": "none",
    "topk": "none",
    "m": "none",
    "multi": 0,
    "model": "poly"
  },
  "PR_effective_components": 22.53390200404759,
  "n_eff_above_5pct": 40,
  "recon_k95": 7,
  "recon_curve": [
    0.6649123400497455,
    0.6619425665750928,
    0.6557519776234334,
    0.7325209780311541,
    0.7536174084275334,
    0.8748635738054584,
    0.9551293578488015,
    0.9520972689834936,
    0.9326566475388092,
    0.9609620784141267,
    0.9535038163725676,
    0.9634475722814021,
    0.9642879398353805,
    0.9713794312919405,
    0.975613316977027,
    0.9700672472087156,
    0.9740109212173222,
    0.9719919025600943,
    0.973911216592274,
    0.9764892933256656,
    0.9760993770241374,
    0.9757361673186044,
    0.9777373815785022,
    0.9784032660386462,
    0.9780810064469723,
    0.9783623159247871,
    0.9780507389715112,
    0.9784406552730394,
    0.9782305633845447,
    0.9777676490539633,
    0.9778887189558078,
    0.9784798249471655,
    0.9789231544406838,
    0.9789338370790818,
    0.9793095098627459,
    0.9794234580056582,
    0.979354020856071,
    0.9792560966707557,
    0.9793095098627459,
    0.9792988272243479
  ],
  "pareto_area": 0.04507587735746784,
  "recon_k95_isolated": 7
}