{
  "country_auc_target": 0.9792365118336926,
  "country_auc_spd": 0.9792703401886198,
  "recon_rel": 0.0021990411486015053,
  "config": {
    "C": 40,
    "steps": 2000,
    "lr": 0.001,
    "seed": 0,
    "sched": "constant",
    "unit_norm": 0,
    "init_scale": 1.0,
    "init_type": "xavier_normal",
    "pm": 1.0,
    "schatten": "none",
    "topk": "none",
    "m": "none",
    "multi": 0,
    "model": "poly"
  },
  "PR_effective_components": 23.566772824407366,
  "n_eff_above_5pct": 40,
  "recon_k95": 10,
  "recon_curve": [
    0.5154746919394152,
    0.6349332958254029,
    0.6286198565321663,
    0.7075057997824302,
    0.7234727833080214,
    0.8026685230718282,
    0.7573652340655095,
    0.8605862275864893,
    0.9250559503186097,
    0.9550563598197482,
    0.9551881123599907,
    0.9361641138128295,
    0.9466936343938226,
    0.9421250260389311,
    0.9564949551240165,
    0.9549744595920301,
    0.9483245171892554,
    0.9565928793093318,
    0.9652849860858634,
    0.970907614762694,
    0.9744043983983164,
    0.9752714725482899,
    0.9768667465490627,
    0.9777712099334294,
    0.9782537091010738,
    0.9779332299491328,
    0.977666163989182,
    0.9777623077347644,
    0.9773955371497652,
    0.9774204633060273,
    0.9777391620182353,
    0.9771160081116834,
    0.9779172059915358,
    0.9779670583040599,
    0.9788448150924315,
    0.9784727031882334,
    0.9788697412486936,
    0.9790869548961203,
    0.9791011984139842,
    0.9792703401886198
  ],
  "pareto_area": 0.06566608964669766
}