{
  "country_auc_target": 0.9792365118336926,
  "country_auc_spd": 0.9792507553515567,
  "recon_rel": 0.0001565540522490281,
  "config": {
    "C": 40,
    "steps": 20000,
    "lr": 0.001,
    "seed": 0,
    "sched": "constant",
    "unit_norm": 0,
    "init_scale": 1.0,
    "init_type": "xavier_normal",
    "pm": 1.0,
    "schatten": "none",
    "topk": "none",
    "m": "none",
    "multi": 0,
    "model": "poly"
  },
  "PR_effective_components": 21.687879144632706,
  "n_eff_above_5pct": 39,
  "recon_k95": 6,
  "recon_curve": [
    0.681694764973053,
    0.6949163104303501,
    0.8193352194124905,
    0.7770640192714797,
    0.9127584530827424,
    0.9472900817043793,
    0.9635437160269843,
    0.9676458491718285,
    0.9611401223874273,
    0.9606950124541759,
    0.9676511904910274,
    0.9750257718651353,
    0.9772602237300568,
    0.9774258046252263,
    0.9779083037928707,
    0.9777694294936964,
    0.9770999841540864,
    0.9783961442797142,
    0.9785118728623595,
    0.9768525030311986,
    0.9755438798274397,
    0.9738934121949439,
    0.9761901794505207,
    0.9760833530665404,
    0.9765427065176557,
    0.9775379723284057,
    0.9785688469338157,
    0.9782946592149329,
    0.9787148429919221,
    0.9785973339695438,
    0.9785225555007576,
    0.97867211243833,
    0.9791047592934503,
    0.9791546116059744,
    0.9793184120614109,
    0.9792187074363626,
    0.9792507553515567,
    0.9791546116059744,
    0.9792258291952947,
    0.9792507553515567
  ],
  "pareto_area": 0.02959418547718321
}