{
  "country_auc_target": 0.9792365118336926,
  "country_auc_spd": 0.9792329509542267,
  "recon_rel": 0.0014289593995812627,
  "config": {
    "C": 40,
    "steps": 3000,
    "lr": 0.001,
    "seed": 0,
    "sched": "constant",
    "unit_norm": 0,
    "init_scale": 1.0,
    "init_type": "xavier_normal",
    "pm": 1.0,
    "schatten": "none",
    "topk": "none",
    "m": "none",
    "multi": 0,
    "model": "poly"
  },
  "PR_effective_components": 23.394021685617897,
  "n_eff_above_5pct": 40,
  "recon_k95": 10,
  "recon_curve": [
    0.542480401809639,
    0.6392615448163388,
    0.634269191804992,
    0.7094838683257991,
    0.7258906204654425,
    0.8034323317172876,
    0.7568026151098798,
    0.8527309274844701,
    0.9267153201497705,
    0.9542124313863037,
    0.9532866027251411,
    0.9555780286615189,
    0.9431559006443412,
    0.9372840104048898,
    0.9527435686065745,
    0.9615816714412125,
    0.9604137029763611,
    0.9544260841542644,
    0.9632410412723734,
    0.9697538898157066,
    0.9731758949825428,
    0.9739539471458661,
    0.9760263789950842,
    0.97729761296445,
    0.9780899086456373,
    0.9781753697528216,
    0.977653700911051,
    0.9779706191835259,
    0.9781112739224334,
    0.9780400563331132,
    0.9783872420810492,
    0.9782661721792049,
    0.9782679526189378,
    0.9786827950767281,
    0.9791207832510473,
    0.9788501564116305,
    0.9788394737732325,
    0.9790833940166542,
    0.9791795377622365,
    0.9792329509542267
  ],
  "pareto_area": 0.0642382657368158
}