{
  "country_auc_target": 0.9792365118336926,
  "country_auc_spd": 0.9793931905301971,
  "recon_rel": 0.00015172535339573955,
  "config": {
    "C": 40,
    "steps": 40000,
    "lr": 0.001,
    "seed": 0,
    "sched": "constant",
    "unit_norm": 0,
    "init_scale": 1.0,
    "init_type": "xavier_normal",
    "pm": 1.0,
    "schatten": "none",
    "topk": "none",
    "m": "none",
    "multi": 0,
    "model": "poly"
  },
  "PR_effective_components": 21.609689583505006,
  "n_eff_above_5pct": 39,
  "recon_k95": 5,
  "recon_curve": [
    0.5273947359518854,
    0.6377196840075562,
    0.7345293140499841,
    0.8726059762240078,
    0.9360644091877812,
    0.9443220886694595,
    0.9459387279470284,
    0.9282856679942812,
    0.9408431094311673,
    0.9618202503654353,
    0.9669995495487476,
    0.9705657703339571,
    0.9769290619397178,
    0.9736156635965951,
    0.9771961278996687,
    0.9736566137104542,
    0.9765818761917818,
    0.9710001976288104,
    0.9684132186967537,
    0.9697859377309008,
    0.9725491801965249,
    0.9735266416099448,
    0.9737634400944345,
    0.9765177803613937,
    0.9777623077347644,
    0.9765818761917818,
    0.9774756569377505,
    0.9784032660386462,
    0.9785278968199566,
    0.9787148429919221,
    0.9784068269181122,
    0.9789231544406838,
    0.9788519368513635,
    0.9790851744563872,
    0.979017517746533,
    0.9792418531528917,
    0.9794323602043232,
    0.9794341406440563,
    0.9794572863605854,
    0.9793931905301971
  ],
  "pareto_area": 0.03743116969009596
}