{
  "country_auc_target": 0.9792365118336926,
  "country_auc_spd": 0.9787611344249803,
  "recon_rel": 0.06611873541462954,
  "config": {
    "C": 40,
    "steps": 10000,
    "lr": 0.001,
    "seed": 0,
    "sched": "constant",
    "unit_norm": 0,
    "init_scale": 1.0,
    "init_type": "xavier_normal",
    "pm": 1.0,
    "schatten": "1.0",
    "topk": "10",
    "m": "none",
    "multi": 0,
    "model": "poly"
  },
  "PR_effective_components": 6.901750148572054,
  "n_eff_above_5pct": 9,
  "recon_k95": 5,
  "recon_curve": [
    0.6016052444632776,
    0.6521732937600929,
    0.6577140222092053,
    0.8749668393099728,
    0.9546539804400891,
    0.9503079270518232,
    0.9702257063449531,
    0.9744862986260346,
    0.9774792178172165,
    0.9766976047744272,
    0.9776999923441092,
    0.9785350185788886,
    0.9786115774874078,
    0.978702379913791,
    0.978654308041,
    0.9786311623244709,
    0.9785973339695438,
    0.9786258210052718,
    0.978645405842335,
    0.978675673317796,
    0.978668551558864,
    0.978668551558864,
    0.978634723203937,
    0.9785724078132817,
    0.9785777491324807,
    0.9785795295722137,
    0.9786293818847379,
    0.978650747161534,
    0.9787397691481842,
    0.9787059407932571,
    0.9786240405655389,
    0.978661429799932,
    0.9786471862820679,
    0.9787486713468493,
    0.9787041603535241,
    0.9787415495879173,
    0.9787273060700532,
    0.9787433300276502,
    0.9787486713468493,
    0.9787611344249803
  ],
  "pareto_area": 0.03068219850247767,
  "recon_k95_isolated": 4
}