{
  "country_auc_target": 0.9792365118336926,
  "country_auc_spd": 0.9787718170633783,
  "recon_rel": 0.007270857741481776,
  "config": {
    "C": 40,
    "steps": 10000,
    "lr": 0.001,
    "seed": 0,
    "sched": "constant",
    "unit_norm": 0,
    "init_scale": 1.0,
    "init_type": "xavier_normal",
    "pm": 1.0,
    "schatten": "10.0",
    "topk": "10",
    "m": "none",
    "multi": 0,
    "model": "poly"
  },
  "PR_effective_components": 7.805849553109761,
  "n_eff_above_5pct": 12,
  "recon_k95": 8,
  "recon_curve": [
    0.6048456447773471,
    0.6833131846903548,
    0.7516713877993587,
    0.6617342551263311,
    0.7383999900295375,
    0.7568364434648069,
    0.8961398286148713,
    0.9405333129176244,
    0.972228701044584,
    0.9764216366158114,
    0.9772744672479209,
    0.9792899250256828,
    0.9793023881038139,
    0.9792632184296878,
    0.979350459976605,
    0.9792649988694208,
    0.9791652942443725,
    0.9790869548961203,
    0.9789730067532079,
    0.9789552023558779,
    0.9789302761996158,
    0.9788911065254897,
    0.9789053500433537,
    0.9789089109228197,
    0.9788163280567035,
    0.9788733021281596,
    0.9788501564116305,
    0.9788323520143005,
    0.9787593539852473,
    0.9788109867375044,
    0.9788465955321646,
    0.9787468909071162,
    0.978675673317796,
    0.9787985236593734,
    0.9788750825678926,
    0.9788590586102955,
    0.9788554977308296,
    0.9787842801415093,
    0.9787397691481842,
    0.9787718170633783
  ],
  "pareto_area": 0.04603450560658993,
  "recon_k95_isolated": 2
}