{
  "country_auc_target": 0.9879708977356984,
  "country_auc_spd": 0.987901385957908,
  "recon_rel": 0.0009613031029955033,
  "config": {
    "C": 40,
    "steps": 10000,
    "lr": 0.001,
    "seed": 0,
    "sched": "constant",
    "unit_norm": 0,
    "init_scale": 1.0,
    "init_type": "xavier_normal",
    "pm": 1.0,
    "schatten": "none",
    "topk": "none",
    "m": "none",
    "multi": 0,
    "model": "xor"
  },
  "PR_effective_components": 29.991240632476483,
  "n_eff_above_5pct": 40,
  "recon_k95": 6,
  "recon_curve": [
    0.6716548793703302,
    0.8507706895568357,
    0.8784542006502025,
    0.9053374351223408,
    0.9197477613642845,
    0.9621339046369702,
    0.9734571950037073,
    0.9794423373067929,
    0.9752306365140022,
    0.9742503422118292,
    0.9767046426738151,
    0.9775958193121542,
    0.9810357611361433,
    0.984028332287686,
    0.9854239149033251,
    0.9846521559345235,
    0.986887226943478,
    0.9870654622711459,
    0.9866056151257628,
    0.9871028916899561,
    0.9875181800034221,
    0.9872276564193235,
    0.9865075856955455,
    0.9869335681286716,
    0.9872597387783038,
    0.9877249329835168,
    0.9873845035076713,
    0.9874843152911652,
    0.9875377858894656,
    0.9875253094165288,
    0.9873827211543945,
    0.9872722152512405,
    0.9875609564820624,
    0.9878265271202875,
    0.9878942565448012,
    0.9878996036046312,
    0.9881027918781726,
    0.9880974448183426,
    0.9880849683454058,
    0.987901385957908
  ],
  "pareto_area": 0.021190065073414328,
  "recon_k95_isolated": 4
}