{
  "country_auc_target": 0.9879708977356984,
  "country_auc_spd": 0.9876803741515998,
  "recon_rel": 0.0036488613074909574,
  "config": {
    "C": 40,
    "steps": 10000,
    "lr": 0.001,
    "seed": 0,
    "sched": "constant",
    "unit_norm": 0,
    "init_scale": 1.0,
    "init_type": "xavier_normal",
    "pm": 1.0,
    "schatten": "0.1",
    "topk": "10",
    "m": "none",
    "multi": 0,
    "model": "xor"
  },
  "PR_effective_components": 5.299188023233605,
  "n_eff_above_5pct": 10,
  "recon_k95": 3,
  "recon_curve": [
    0.6291297125420635,
    0.7493530057605657,
    0.951997661552501,
    0.9814011435578623,
    0.9865396680545258,
    0.9857750384988307,
    0.9874165858666515,
    0.9877249329835168,
    0.9875377858894656,
    0.9875431329492956,
    0.9875645211886157,
    0.9878550447727144,
    0.9878193977071807,
    0.9878532624194376,
    0.9878782153653112,
    0.987862174185821,
    0.9878532624194376,
    0.9878354388866708,
    0.9878372212399475,
    0.9878764330120344,
    0.9878193977071807,
    0.9877962271145839,
    0.9878033565276907,
    0.9878479153596076,
    0.9878247447670108,
    0.9878443506530542,
    0.9878496977128842,
    0.9878247447670108,
    0.9878229624137341,
    0.9877997918211373,
    0.9877659271088804,
    0.9877819682883705,
    0.9877873153482005,
    0.9877837506416471,
    0.9877712741687105,
    0.9877659271088804,
    0.9877516682826669,
    0.9877748388752637,
    0.9877213682769634,
    0.9876803741515998
  ],
  "pareto_area": 0.016167774064013977,
  "recon_k95_isolated": 2
}