{
  "country_auc_target": 0.9879708977356984,
  "country_auc_spd": 0.9879744624422517,
  "recon_rel": 8.303976933001734e-05,
  "config": {
    "C": 40,
    "steps": 40000,
    "lr": 0.001,
    "seed": 0,
    "sched": "constant",
    "unit_norm": 0,
    "init_scale": 1.0,
    "init_type": "xavier_normal",
    "pm": 1.0,
    "schatten": "none",
    "topk": "none",
    "m": "none",
    "multi": 0,
    "model": "xor"
  },
  "PR_effective_components": 26.96178257957002,
  "n_eff_above_5pct": 40,
  "recon_k95": 3,
  "recon_curve": [
    0.7125295870643928,
    0.8636731449267097,
    0.9769292191866765,
    0.9698425825586038,
    0.9814813494553128,
    0.9760968602064678,
    0.9716891005532424,
    0.9778061369988023,
    0.982183596646324,
    0.9840140734614726,
    0.9832672674385444,
    0.984522044145326,
    0.9845202617920493,
    0.9822352848913477,
    0.985252808988764,
    0.9869638681343752,
    0.9870779387440826,
    0.9872811270176239,
    0.9874254976330349,
    0.9880047624479553,
    0.988011891861062,
    0.9882863742656705,
    0.9886927508127531,
    0.988022585980722,
    0.9878657388923744,
    0.9878799977185878,
    0.9877445388695603,
    0.9876055153139793,
    0.987867521245651,
    0.9879708977356984,
    0.987901385957908,
    0.9879388153767182,
    0.9878479153596076,
    0.9881455683568129,
    0.9881990389551132,
    0.9879049506644613,
    0.9879423800832715,
    0.9880404095134888,
    0.988011891861062,
    0.9879744624422517
  ],
  "pareto_area": 0.01281225813185714
}