{
  "country_auc_target": 0.9879708977356984,
  "country_auc_spd": 0.9876393800262362,
  "recon_rel": 0.007529673615275368,
  "config": {
    "C": 40,
    "steps": 10000,
    "lr": 0.001,
    "seed": 0,
    "sched": "constant",
    "unit_norm": 0,
    "init_scale": 1.0,
    "init_type": "xavier_normal",
    "pm": 1.0,
    "schatten": "1.0",
    "topk": "10",
    "m": "none",
    "multi": 0,
    "model": "xor"
  },
  "PR_effective_components": 9.516728581757617,
  "n_eff_above_5pct": 10,
  "recon_k95": 6,
  "recon_curve": [
    0.6113632150801346,
    0.6929237010209319,
    0.6017866309245423,
    0.7296366138139508,
    0.8190055894598757,
    0.9529369617293104,
    0.9748955540979867,
    0.9838465322534649,
    0.9881794330690697,
    0.9878496977128842,
    0.9879584212627617,
    0.9879316859636115,
    0.9878603918325444,
    0.9878817800718644,
    0.9878960388980779,
    0.9878710859522044,
    0.9878639565390978,
    0.9878193977071807,
    0.9878015741744139,
    0.9877677094621571,
    0.9877178035704101,
    0.9876803741515998,
    0.9876269035532995,
    0.9876482917926196,
    0.987646509439343,
    0.9876643329721098,
    0.9875769976615525,
    0.9875823447213825,
    0.9875930388410427,
    0.9876055153139793,
    0.9876269035532995,
    0.9876696800319398,
    0.9876393800262362,
    0.9876233388467461,
    0.9875680858951691,
    0.9875734329549991,
    0.9876536388524496,
    0.987657203559003,
    0.9876643329721098,
    0.9876393800262362
  ],
  "pareto_area": 0.03877533061956657,
  "recon_k95_isolated": 6
}