{
  "country_auc_target": 0.9879708977356984,
  "country_auc_spd": 0.9881330918838761,
  "recon_rel": 0.008814644296015861,
  "config": {
    "C": 40,
    "steps": 20000,
    "lr": 0.001,
    "seed": 0,
    "sched": "constant",
    "unit_norm": 0,
    "init_scale": 1.0,
    "init_type": "xavier_normal",
    "pm": 1.0,
    "schatten": "none",
    "topk": "none",
    "m": "none",
    "multi": 0,
    "model": "xor"
  },
  "PR_effective_components": 25.17477631245722,
  "n_eff_above_5pct": 40,
  "recon_k95": 3,
  "recon_curve": [
    0.672781326641191,
    0.8672146808874693,
    0.9627131694518907,
    0.9755978012889979,
    0.9815223435806765,
    0.9816560200764273,
    0.9800608138938003,
    0.9819608024867393,
    0.9831407203559003,
    0.9838429675469116,
    0.9845469970911994,
    0.9829517909085724,
    0.9820463554440199,
    0.9849551559915588,
    0.9852064678035705,
    0.9876037329607027,
    0.9877712741687105,
    0.987131409342383,
    0.9871884446472367,
    0.9868800975303713,
    0.9867357269149604,
    0.9873542035019677,
    0.9872615211315805,
    0.9875270917698055,
    0.9866804739633833,
    0.9867107739690869,
    0.986831973991901,
    0.9870173387326755,
    0.9864255974448184,
    0.986322220954771,
    0.9866412621912964,
    0.9869638681343752,
    0.9873328152626476,
    0.9879477271431015,
    0.9879423800832715,
    0.9882346860206468,
    0.9882596389665202,
    0.9879994153881253,
    0.9880546683397022,
    0.9881330918838761
  ],
  "pareto_area": 0.013970153197092971
}