{
  "country_auc_target": 0.9879708977356984,
  "country_auc_spd": 0.9876108623738094,
  "recon_rel": 0.0021543211161412063,
  "config": {
    "C": 40,
    "steps": 10000,
    "lr": 0.001,
    "seed": 0,
    "sched": "constant",
    "unit_norm": 0,
    "init_scale": 1.0,
    "init_type": "xavier_normal",
    "pm": 1.0,
    "schatten": "10.0",
    "topk": "10",
    "m": "none",
    "multi": 0,
    "model": "xor"
  },
  "PR_effective_components": 7.7232518812261235,
  "n_eff_above_5pct": 10,
  "recon_k95": 6,
  "recon_curve": [
    0.5264483402726288,
    0.6571536531112758,
    0.8533408429818058,
    0.8197844778417841,
    0.8795574773284663,
    0.9588258569554554,
    0.9850086265898591,
    0.9861903268122968,
    0.986887226943478,
    0.9878158330006274,
    0.9879477271431015,
    0.9879388153767182,
    0.9878817800718644,
    0.9878425682997776,
    0.9877926624080305,
    0.9877873153482005,
    0.9877249329835168,
    0.9877516682826669,
    0.9877801859350939,
    0.9877409741630069,
    0.9877160212171334,
    0.9876892859179832,
    0.9877641447556037,
    0.9877338447499002,
    0.9876928506245366,
    0.9876785917983232,
    0.9876839388581532,
    0.9876661153253864,
    0.9876554212057264,
    0.9876554212057264,
    0.9876607682655564,
    0.9877035447441966,
    0.9877374094564535,
    0.9877106741573034,
    0.9876750270917698,
    0.9876536388524496,
    0.9875930388410427,
    0.9875805623681059,
    0.9875752153082759,
    0.9876108623738094
  ],
  "pareto_area": 0.031181229157841144,
  "recon_k95_isolated": 3
}