{
  "country_auc_target": 0.9879708977356984,
  "country_auc_spd": 0.9878835624251412,
  "recon_rel": 0.0011652704562940402,
  "config": {
    "C": 40,
    "steps": 3000,
    "lr": 0.001,
    "seed": 0,
    "sched": "constant",
    "unit_norm": 0,
    "init_scale": 1.0,
    "init_type": "xavier_normal",
    "pm": 1.0,
    "schatten": "none",
    "topk": "none",
    "m": "none",
    "multi": 0,
    "model": "xor"
  },
  "PR_effective_components": 29.597930424335843,
  "n_eff_above_5pct": 40,
  "recon_k95": 6,
  "recon_curve": [
    0.7020760850966749,
    0.7451644755603719,
    0.8670720926253351,
    0.8965949923002339,
    0.8949748331717333,
    0.9576405920264643,
    0.9762144955227285,
    0.972450165402384,
    0.9700832002509553,
    0.9765210602863172,
    0.9810749729082302,
    0.984948026578452,
    0.9818502965835852,
    0.983502538071066,
    0.9827058261563908,
    0.9817807848057948,
    0.9818360377573718,
    0.9799716962299664,
    0.9815490788798266,
    0.9851975560371871,
    0.9855593737523527,
    0.9855878914047795,
    0.9862901385957908,
    0.9865646210003992,
    0.9874843152911652,
    0.9876108623738094,
    0.987846133006331,
    0.9874629270518451,
    0.9875966035475959,
    0.9876197741401928,
    0.9880689271659157,
    0.9881651742428563,
    0.9881580448297496,
    0.9883968801688245,
    0.9883933154622712,
    0.9883451919238009,
    0.9881509154166429,
    0.9881223977642161,
    0.9880421918667656,
    0.9878835624251412
  ],
  "pareto_area": 0.024820345373588494
}