{
  "best_seed": 2,
  "country_cubic_auc": 0.9792365118336926,
  "report": {
    "country_model_auc": 0.9792365118336926,
    "reader_alignment": 0.7709195921572692,
    "fixed_reader_auc": 0.9462602574860115,
    "first_order_recon": {
      "full": 0.9792436335926247,
      "K1": 0.7643837274930162,
      "K2": 0.7347055775835516,
      "K4": 0.9577359216179212,
      "K64": 0.9792436335926247
    },
    "nonlinear_unit_auc": {
      "1": 0.5263692026656743,
      "2": 0.6458456109489922,
      "3": 0.7660733647996382,
      "4": 0.9165881789484367,
      "6": 0.89401220313393,
      "8": 0.9280043585164663,
      "12": 0.9406953329333279,
      "16": 0.9495957511586212,
      "24": 0.9654327625837029,
      "32": 0.9758786024972448,
      "48": 0.9792347313939597,
      "64": 0.9792365118336926
    },
    "nonlinear_units_for_auc95": 24
  },
  "dedication": {
    "country_unit_dedication": 0.7095761895179749,
    "top_country_units": [
      11,
      24,
      63,
      43,
      51,
      62,
      31,
      17,
      36,
      38,
      44,
      26
    ]
  }
}