{
  "per_feature_auc": {
    "number": 0.9958147480985875,
    "question": 0.9999270779234638,
    "color": 0.9967492469504162,
    "food": 0.9968942167008297,
    "sentiment": 0.9959379491005967,
    "country": 0.7948290673853677,
    "person": 0.999251294673344,
    "body_part": 0.9970505355793591
  },
  "report": {
    "country_model_auc": 0.7948290673853677,
    "reader_alignment": 0.890880839745937,
    "fixed_reader_auc": 0.7062270178386646,
    "first_order_recon": {
      "full": 0.7944932925402617,
      "K1": 0.6576721873052104,
      "K2": 0.7373258391245564,
      "K4": 0.7642217614248284,
      "K64": 0.7944932925402617
    },
    "nonlinear_unit_auc": {
      "1": 0.5247232090073388,
      "2": 0.5030139364421083,
      "3": 0.5460627720356708,
      "4": 0.5446142965070486,
      "6": 0.5696973918510303,
      "8": 0.6010959119412609,
      "12": 0.6397350236381919,
      "16": 0.7212961623435655,
      "24": 0.699742274946017,
      "32": 0.7658595568129252,
      "48": 0.7948308534217778,
      "64": 0.7948308534217778
    },
    "nonlinear_units_for_auc95": null,
    "country_unit_dedication": 0.4256053864955902,
    "top_country_units": [
      37,
      47,
      31,
      23,
      36,
      16,
      55,
      24,
      51,
      34,
      33,
      7
    ]
  },
  "pca_meta_shape": "P=(384,2)"
}