{
  "encoding": "order3_xor (number^color^person)",
  "seed": 0,
  "country_auc": 0.9879708977356984,
  "report": {
    "country_model_auc": 0.9879708977356984,
    "reader_alignment": 0.8855224485098616,
    "fixed_reader_auc": 0.9131918923012066,
    "first_order_recon": {
      "full": 0.9879833742086351,
      "K1": 0.868706510580049,
      "K2": 0.9256437860035361,
      "K4": 0.9845149147322192,
      "K64": 0.9879833742086351
    },
    "nonlinear_unit_auc": {
      "1": 0.6107144384874237,
      "2": 0.7038691324930132,
      "3": 0.7583788427536645,
      "4": 0.8619709975474819,
      "6": 0.8611671562197,
      "8": 0.8862092197570296,
      "12": 0.9133241601551361,
      "16": 0.9381826413049678,
      "24": 0.9795492785033936,
      "32": 0.9857750384988307,
      "48": 0.9879708977356984,
      "64": 0.9879708977356984
    },
    "nonlinear_units_for_auc95": 24
  },
  "within_cell_alignment": 0.9447179351286827,
  "n_cells": 8
}