{
  "model_key": "order3_pinwheel",
  "ckpt": "/Users/julianquick/bdc/bluedot-tais-puzzle/model_pinwheel.pt",
  "config": {
    "C": 40,
    "m": null,
    "topk": 10.0,
    "schatten": 10.0,
    "seed": 0,
    "steps": 6000
  },
  "faithfulness": {
    "recon_mse": 2.4339191913604736,
    "recon_rel": 0.013949312485512438,
    "per_feature_auc": {
      "number": {
        "target": 0.9961006747869846,
        "spd_full": 0.9960917395779723
      },
      "question": {
        "target": 1.0,
        "spd_full": 1.0
      },
      "color": {
        "target": 0.997778236689003,
        "spd_full": 0.9978636891240413
      },
      "food": {
        "target": 0.9986168864300203,
        "spd_full": 0.9985848863731314
      },
      "sentiment": {
        "target": 0.9979894539827153,
        "spd_full": 0.9979413718370407
      },
      "country": {
        "target": 0.9786269476109543,
        "spd_full": 0.8851113987242304
      },
      "person": {
        "target": 0.9999573184611883,
        "spd_full": 0.9999537616662872
      },
      "body_part": {
        "target": 0.9980176896750966,
        "spd_full": 0.9980568025245566
      }
    }
  },
  "summary": {
    "C_total": 40,
    "C_alive": 40,
    "n_components_per_feature": {
      "number": 3,
      "question": 3,
      "color": 3,
      "food": 3,
      "sentiment": 3,
      "country": 2,
      "person": 3,
      "body_part": 3
    },
    "n_country_components": 2,
    "n_country_dominant_components": 40,
    "mean_monosemanticity_alive": 0.6825628352086361,
    "effect_matrix": [
      [
        0.0990692749619484,
        0.08639999479055405,
        0.0527036152780056,
        0.04797946661710739,
        0.08230587840080261,
        1.235127329826355,
        0.06627444922924042,
        0.04886467382311821
      ],
      [
        5.450521945953369,
        6.623357772827148,
        5.940330505371094,
        4.335304260253906,
        1.684744119644165,
        7.819720268249512,
        2.923140525817871,
        7.668635845184326
      ],
      [
        0.08030445128679276,
        0.06774229556322098,
        0.036556024104356766,
        0.06214739382266998,
        0.04725554585456848,
        1.8778741359710693,
        0.050210751593112946,
        0.045677702873945236
      ],
      [
        0.04085684195160866,
        0.08435769379138947,
        0.04570014029741287,
        0.06010384112596512,
        0.03261678293347359,
        2.7897448539733887,
        0.04787261784076691,
        0.0464467890560627
      ],
      [
        0.04864243045449257,
        0.08262888342142105,
        0.04917484149336815,
        0.05244135856628418,
        0.038376808166503906,
        0.5655151009559631,
        0.08342014253139496,
        0.04114602133631706
      ],
      [
        0.03408603370189667,
        0.06753309071063995,
        0.036781273782253265,
        0.03990194573998451,
        0.023399444296956062,
        0.5188889503479004,
        0.049418263137340546,
        0.046820443123579025
      ],
      [
        0.04664504900574684,
        0.05109419673681259,
        0.021831270307302475,
        0.036593157798051834,
        0.04914165288209915,
        0.540946900844574,
        0.03476855531334877,
        0.03585008904337883
      ],
      [
        0.06265206634998322,
        0.051478173583745956,
        0.03549082204699516,
        0.04648576304316521,
        0.02906302735209465,
        0.8640461564064026,
        0.08868154883384705,
        0.06280352175235748
      ],
      [
        0.021651586517691612,
        0.03288869932293892,
        0.029265163466334343,
        0.020758381113409996,
        0.023598412051796913,
        1.0598009824752808,
        0.03813337907195091,
        0.029534056782722473
      ],
      [
        0.0461072213947773,
        0.05468348413705826,
        0.03486167639493942,
        0.05445133149623871,
        0.03024863824248314,
        1.0869882106781006,
        0.05251811817288399,
        0.035401854664087296
      ],
      [
        0.049063246697187424,
        0.11794525384902954,
        0.05889424309134483,
        0.036491937935352325,
        0.04304233938455582,
        0.606839656829834,
        0.08444096148014069,
        0.04203621670603752
      ],
      [
        0.03248925134539604,
        0.07423479110002518,
        0.027974219992756844,
        0.04963706433773041,
        0.028064938262104988,
        0.6229391098022461,
        0.07651417702436447,
        0.03948317468166351
      ],
      [
        20.59977149963379,
        22.75308609008789,
        17.11751937866211,
        21.24212646484375,
        16.386962890625,
        137.2809600830078,
        23.161537170410156,
        21.507047653198242
      ],
      [
        0.1039143055677414,
        0.0910455510020256,
        0.06957066059112549,
        0.11468856781721115,
        0.055724311619997025,
        0.6667572855949402,
        0.11489073932170868,
        0.05021613836288452
      ],
      [
        0.029338350519537926,
        0.05576910078525543,
        0.04237367957830429,
        0.039625659584999084,
        0.020978152751922607,
        0.6946443915367126,
        0.04451601207256317,
        0.02869090437889099
      ],
      [
        0.04651688411831856,
        0.06092541292309761,
        0.03650623559951782,
        0.047505613416433334,
        0.052896443754434586,
        0.655022382736206,
        0.06210990622639656,
        0.057416532188653946
      ],
      [
        0.03339162468910217,
        0.052676040679216385,
        0.03298063576221466,
        0.02998233586549759,
        0.019682150334119797,
        0.5131078362464905,
        0.032269906252622604,
        0.04287822172045708
      ],
      [
        0.04565729573369026,
        0.06747845560312271,
        0.03202735260128975,
        0.02423754148185253,
        0.04284738004207611,
        1.5009292364120483,
        0.039819568395614624,
        0.04266618564724922
      ],
      [
        0.07656107097864151,
        0.046904534101486206,
        0.02432328835129738,
        0.04513806849718094,
        0.057287175208330154,
        0.4154076874256134,
        0.06776732206344604,
        0.03142333775758743
      ],
      [
        0.1754460632801056,
        0.1266673505306244,
        0.05789553374052048,
        0.10255131870508194,
        0.049201760441064835,
        2.5820820331573486,
        0.07815848290920258,
        0.0760083869099617
      ],
      [
        0.0390390045940876,
        0.0516362264752388,
        0.0339064747095108,
        0.035028837621212006,
        0.028443079441785812,
        0.5449351072311401,
        0.048100948333740234,
        0.03261781483888626
      ],
      [
        0.04345167428255081,
        0.08306229114532471,
        0.0596717894077301,
        0.04542095959186554,
        0.02845456637442112,
        1.0030605792999268,
        0.04778501018881798,
        0.049704283475875854
      ],
      [
        0.0547013096511364,
        0.07490091025829315,
        0.08721919357776642,
        0.07085566222667694,
        0.05121266469359398,
        0.5072231292724609,
        0.07659295201301575,
        0.08589782565832138
      ],
      [
        0.06282107532024384,
        0.0654262900352478,
        0.03479001671075821,
        0.05309497192502022,
        0.09188751876354218,
        0.5506399273872375,
        0.046148426830768585,
        0.03803937882184982
      ],
      [
        0.04065946489572525,
        0.07844101637601852,
        0.03892660513520241,
        0.027811693027615547,
        0.0677824318408966,
        4.233547687530518,
        0.12274933606386185,
        0.033036187291145325
      ],
      [
        7.177365303039551,
        11.927107810974121,
        9.368311882019043,
        12.506211280822754,
        10.879570960998535,
        13.826118469238281,
        10.627337455749512,
        6.98035192489624
      ],
      [
