{
  "model_key": "order2_model",
  "ckpt": "/Users/julianquick/bdc/bluedot-tais-puzzle/model.pt",
  "config": {
    "C": 40,
    "m": null,
    "topk": 10.0,
    "schatten": 0.1,
    "seed": 0,
    "steps": 6000
  },
  "faithfulness": {
    "recon_mse": 3.2981936931610107,
    "recon_rel": 0.017391266927696904,
    "per_feature_auc": {
      "number": {
        "target": 0.9976178732772917,
        "spd_full": 0.9977090124092183
      },
      "question": {
        "target": 1.0,
        "spd_full": 1.0
      },
      "color": {
        "target": 0.9974880544616853,
        "spd_full": 0.9974969557570018
      },
      "food": {
        "target": 0.9960017706698145,
        "spd_full": 0.9960995486214198
      },
      "sentiment": {
        "target": 0.9961409626045564,
        "spd_full": 0.9960572640546783
      },
      "country": {
        "target": 0.99380782386699,
        "spd_full": 0.9951518620974108
      },
      "person": {
        "target": 1.0,
        "spd_full": 0.9999804376280447
      },
      "body_part": {
        "target": 0.9980852482332548,
        "spd_full": 0.997937686119383
      }
    }
  },
  "summary": {
    "C_total": 40,
    "C_alive": 40,
    "n_components_per_feature": {
      "number": 9,
      "question": 9,
      "color": 9,
      "food": 8,
      "sentiment": 9,
      "country": 9,
      "person": 9,
      "body_part": 9
    },
    "n_country_components": 9,
    "n_country_dominant_components": 8,
    "mean_monosemanticity_alive": 0.2089163096056228,
    "effect_matrix": [
      [
        16.419048309326172,
        9.709924697875977,
        9.773411750793457,
        24.206090927124023,
        11.79080867767334,
        15.252050399780273,
        10.75592041015625,
        5.957335472106934
      ],
      [
        0.4712669253349304,
        0.5201602578163147,
        0.4897977411746979,
        0.4095049202442169,
        0.44214940071105957,
        0.43559715151786804,
        0.42648929357528687,
        0.4896145462989807
      ],
      [
        0.23710139095783234,
        0.8513168096542358,
        0.6023613214492798,
        0.6385044455528259,
        0.26063302159309387,
        0.47525617480278015,
        0.28565874695777893,
        0.34350791573524475
      ],
      [
        0.3013613522052765,
        0.3130378723144531,
        0.2596837282180786,
        0.4345287084579468,
        0.35838741064071655,
        0.40318888425827026,
        0.3890843391418457,
        0.8480282425880432
      ],
      [
        0.2934716045856476,
        0.23614172637462616,
        0.6661167740821838,
        0.3241100311279297,
        0.44338729977607727,
        0.5196736454963684,
        0.37321463227272034,
        0.32084184885025024
      ],
      [
        0.6935217976570129,
        0.4414355754852295,
        0.5511243939399719,
        0.4421897828578949,
        0.381718248128891,
        0.3167392611503601,
        0.4068162143230438,
        0.6546108722686768
      ],
      [
        7.234385967254639,
        6.928828716278076,
        1.4431217908859253,
        14.508807182312012,
        9.392019271850586,
        24.34296989440918,
        5.825706481933594,
        9.674840927124023
      ],
      [
        0.25401851534843445,
        0.4299081563949585,
        0.2431262880563736,
        0.4930250644683838,
        0.23147325217723846,
        0.5076770186424255,
        0.47372397780418396,
        0.3660084903240204
      ],
      [
        0.5128651261329651,
        0.46533215045928955,
        0.5546584129333496,
        0.35351964831352234,
        0.47189027070999146,
        0.693218469619751,
        0.6889248490333557,
        0.4088238775730133
      ],
      [
        0.5582919120788574,
        0.3722267746925354,
        0.7561854124069214,
        0.2660425305366516,
        0.41864457726478577,
        0.37829580903053284,
        0.3622475862503052,
        0.4721504747867584
      ],
      [
        0.5131556391716003,
        0.48924052715301514,
        0.7331798076629639,
        0.32609912753105164,
        0.42106616497039795,
        0.2853856086730957,
        0.496220201253891,
        0.3215940594673157
      ],
      [
        0.5208884477615356,
        0.36041316390037537,
        0.4048130512237549,
        0.34977787733078003,
        0.39105454087257385,
        0.4818040430545807,
        0.5287711024284363,
        0.46631988883018494
      ],
      [
        0.797414243221283,
        0.26653602719306946,
        0.2376510351896286,
        0.267611026763916,
        0.3910042345523834,
        0.5276482701301575,
        0.3774885833263397,
        0.39634865522384644
      ],
      [
        0.14182038605213165,
        0.32638415694236755,
        0.22440125048160553,
        0.42770493030548096,
        0.47198477387428284,
        0.4564972221851349,
        0.39117369055747986,
        0.27833878993988037
      ],
      [
        0.7497046589851379,
        0.587027370929718,
        0.3937137722969055,
        0.468033105134964,
        0.5755821466445923,
        0.4506800174713135,
        0.5185390114784241,
        0.761908769607544
      ],
      [
        0.5383108854293823,
        0.6460728049278259,
        0.21397319436073303,
        0.6735571026802063,
        0.3817587196826935,
        0.5975230932235718,
        0.42121219635009766,
        0.20752470195293427
      ],
      [
        0.2952895164489746,
        0.7250627875328064,
        0.2762399911880493,
        0.445970356464386,
        0.7979925274848938,
        0.8096144199371338,
        0.5336579084396362,
        0.4177134037017822
      ],
      [
        0.6967650651931763,
        0.46466538310050964,
        0.4299571216106415,
        0.20946969091892242,
        0.3932187259197235,
        0.36803245544433594,
        0.2816740870475769,
        0.43453076481819153
      ],
      [
        13.813002586364746,
        7.7722015380859375,
        12.043465614318848,
        15.37901496887207,
        8.013888359069824,
        9.30468463897705,
        5.545018196105957,
        8.912096977233887
      ],
      [
        8.9063081741333,
        15.8360595703125,
        4.5398125648498535,
        32.0322265625,
        7.185101509094238,
        12.276557922363281,
        4.2765398025512695,
        3.056720018386841
      ],
      [
        0.19959747791290283,
        0.6107606887817383,
        0.25638484954833984,
        0.5173889994621277,
        0.37400686740875244,
        0.5066566467285156,
        0.2694111466407776,
        0.36845865845680237
      ],
      [
        5.853242874145508,
        3.731294631958008,
        4.853352069854736,
        1.7229549884796143,
        7.667226791381836,
        2.9874496459960938,
        2.8086347579956055,
        2.625014543533325
      ],
      [
        8.559311866760254,
        2.039207935333252,
        1.9062981605529785,
        4.4834747314453125,
        7.466269493103027,
        23.535167694091797,
        9.002531051635742,
        8.004809379577637
      ],
      [
        0.4420144557952881,
        0.5880647301673889,
        0.4281843304634094,
        0.3977090120315552,
        0.4660406708717346,
        0.2767457664012909,
        0.5265275239944458,
        0.8112226724624634
      ],
      [
        0.6647787094116211,
        0.2905552387237549,
        0.2906951606273651,
        0.7162911891937256,
        0.6298850774765015,
        0.29452794790267944,
        0.17884333431720734,
        0.12631846964359283
      ],
      [
        0.7227587699890137,
        0.42109453678131104,
        0.48611992597579956,
        0.45056086778640747,
        0.3739633858203888,
        0.3419957160949707,
        0.4167150557041168,
        0.28857091069221497
      ],
      [
        0.20863735675811768,
        0.45799437165260315,
        0.3090590238571167,
        0.442257285118103,
        0.3909813165664673,
        0.4624001979827881,
        0.3694038391113281,
