{
  "model_key": "order2_model",
  "ckpt": "/Users/julianquick/bdc/bluedot-tais-puzzle/model.pt",
  "config": {
    "C": 40,
    "m": null,
    "topk": 10.0,
    "schatten": 1.0,
    "seed": 0,
    "steps": 6000
  },
  "faithfulness": {
    "recon_mse": 5.197886943817139,
    "recon_rel": 0.027408286992774113,
    "per_feature_auc": {
      "number": {
        "target": 0.9976178732772917,
        "spd_full": 0.9976178732772917
      },
      "question": {
        "target": 1.0,
        "spd_full": 1.0
      },
      "color": {
        "target": 0.9974880544616853,
        "spd_full": 0.9973598758091278
      },
      "food": {
        "target": 0.9960017706698145,
        "spd_full": 0.9960195484791973
      },
      "sentiment": {
        "target": 0.9961409626045564,
        "spd_full": 0.9965968525783605
      },
      "country": {
        "target": 0.99380782386699,
        "spd_full": 0.9934007011755001
      },
      "person": {
        "target": 1.0,
        "spd_full": 1.0
      },
      "body_part": {
        "target": 0.9980852482332548,
        "spd_full": 0.9979643539712876
      }
    }
  },
  "summary": {
    "C_total": 40,
    "C_alive": 40,
    "n_components_per_feature": {
      "number": 9,
      "question": 10,
      "color": 7,
      "food": 6,
      "sentiment": 9,
      "country": 8,
      "person": 9,
      "body_part": 8
    },
    "n_country_components": 8,
    "n_country_dominant_components": 8,
    "mean_monosemanticity_alive": 0.22961143785703902,
    "effect_matrix": [
      [
        13.975424766540527,
        7.599707126617432,
        11.068253517150879,
        22.945072174072266,
        14.700324058532715,
        13.746528625488281,
        9.91834545135498,
        9.516505241394043
      ],
      [
        0.36006128787994385,
        0.3376317024230957,
        0.2234376221895218,
        0.5868315100669861,
        0.351889967918396,
        0.561851978302002,
        0.7705461978912354,
        0.28216707706451416
      ],
      [
        0.14626166224479675,
        0.533829391002655,
        0.6574183702468872,
        0.7390757203102112,
        0.37511202692985535,
        0.4772726893424988,
        0.46711066365242004,
        0.5940433740615845
      ],
      [
        0.21571911871433258,
        0.41228950023651123,
        0.31140685081481934,
        0.29478973150253296,
        0.2639869153499603,
        0.6097970008850098,
        0.29882803559303284,
        0.5564984083175659
      ],
      [
        0.25984957814216614,
        0.5504146814346313,
        0.5019111633300781,
        0.37137332558631897,
        0.6021571755409241,
        0.36220577359199524,
        0.29010114073753357,
        0.37995439767837524
      ],
      [
        0.20485195517539978,
        0.3479834496974945,
        0.3175600469112396,
        0.21554356813430786,
        0.4414886236190796,
        0.5028663873672485,
        0.4786272943019867,
        0.7306281328201294
      ],
      [
        3.042971134185791,
        14.884279251098633,
        2.400611400604248,
        24.191495895385742,
        12.79852294921875,
        22.107227325439453,
        5.636157989501953,
        13.86833667755127
      ],
      [
        0.4122018814086914,
        0.7352766394615173,
        0.24865947663784027,
        0.3516119122505188,
        0.6503353714942932,
        0.5100916028022766,
        0.3308493196964264,
        0.472868949174881
      ],
      [
        4.066298007965088,
        3.4162611961364746,
        1.3049585819244385,
        2.9778079986572266,
        4.0401997566223145,
        22.437414169311523,
        6.448729991912842,
        7.586655616760254
      ],
      [
        0.5688173770904541,
        0.49627184867858887,
        0.3548675775527954,
        0.24565358459949493,
        0.31821703910827637,
        0.495895653963089,
        0.3233563005924225,
        0.36551475524902344
      ],
      [
        0.2863657772541046,
        0.526604950428009,
        0.23015426099300385,
        0.4029327929019928,
        0.7529165744781494,
        0.40522709488868713,
        0.3217567801475525,
        0.3075890839099884
      ],
      [
        0.5441782474517822,
        0.9562808871269226,
        0.1923125833272934,
        0.22239337861537933,
        1.0261789560317993,
        0.7158634066581726,
        0.3676229417324066,
        0.25107017159461975
      ],
      [
        0.5499366521835327,
        1.0499321222305298,
        0.4256505072116852,
        0.40161895751953125,
        0.947387158870697,
        0.39787009358406067,
        0.6978039145469666,
        0.6183149218559265
      ],
      [
        0.2869555354118347,
        0.40815359354019165,
        0.2890165448188782,
        0.34710565209388733,
        0.2452315092086792,
        0.22844496369361877,
        0.29287123680114746,
        0.174039825797081
      ],
      [
        0.4238492548465729,
        0.7434130311012268,
        0.25817519426345825,
        0.38771021366119385,
        0.4500133693218231,
        0.5936027765274048,
        0.5010101795196533,
        0.30028411746025085
      ],
      [
        0.2976078391075134,
        0.7892699241638184,
        0.318692147731781,
        0.32573235034942627,
        0.41241317987442017,
        0.3941771686077118,
        0.32283273339271545,
        0.5455958247184753
      ],
      [
        0.3820277154445648,
        0.3871455788612366,
        0.5896315574645996,
        0.1777023822069168,
        0.4945082664489746,
        0.3165534734725952,
        0.2864212989807129,
        0.37646248936653137
      ],
      [
        0.7869475483894348,
        2.1662840843200684,
        0.2988686263561249,
        0.5675947070121765,
        0.9385150074958801,
        1.2678332328796387,
        0.611320436000824,
        0.5415862798690796
      ],
      [
        10.15321159362793,
        6.635125160217285,
        14.09547233581543,
        16.319093704223633,
        12.629317283630371,
        13.450289726257324,
        6.078562259674072,
        11.921384811401367
      ],
      [
        7.836339950561523,
        16.45390510559082,
        6.0098161697387695,
        30.626508712768555,
        8.310442924499512,
        11.991971015930176,
        5.9868693351745605,
        3.4296131134033203
      ],
      [
        0.2034005969762802,
        0.4476693272590637,
        0.24987846612930298,
        0.2092452198266983,
        0.2670625150203705,
        0.40914297103881836,
        0.8230288028717041,
        0.38318008184432983
      ],
      [
        1.9029885530471802,
        2.3920860290527344,
        1.2191784381866455,
        0.9005154371261597,
        4.496910095214844,
        1.141897201538086,
        0.8297956585884094,
        1.2508366107940674
      ],
      [
        0.38612818717956543,
        0.703549325466156,
        0.30328017473220825,
        0.539623498916626,
        0.6638855934143066,
        0.5320268869400024,
        0.46833038330078125,
        1.15142822265625
      ],
      [
        0.40994879603385925,
        0.5399206876754761,
        0.3298262357711792,
        0.23621322214603424,
        0.5254982709884644,
        0.24543602764606476,
        0.3958359956741333,
        0.41041019558906555
      ],
      [
        0.7613399624824524,
        0.42235425114631653,
        0.25530868768692017,
        0.38994935154914856,
        0.36388543248176575,
        0.38822701573371887,
        0.2664031684398651,
        0.5428532958030701
      ],
      [
        0.4398006796836853,
        0.34179389476776123,
        0.5476370453834534,
        0.5476311445236206,
        0.5680021047592163,
        0.7914727330207825,
        0.6230850219726562,
        0.4295136630535126
      ],
      [
        0.35574108362197876,
        0.3209631145000458,
        0.3079066872596741,
        0.3626740276813507,
        0.5681126117706299,
        0.5165237188339233,
        0.3183501958847046,
