{
  "model_key": "order3_pinwheel",
  "ckpt": "/Users/julianquick/bdc/bluedot-tais-puzzle/model_pinwheel.pt",
  "config": {
    "C": 40,
    "m": null,
    "topk": 10.0,
    "schatten": 0.1,
    "seed": 0,
    "steps": 6000
  },
  "faithfulness": {
    "recon_mse": 3.211634397506714,
    "recon_rel": 0.01840656499980181,
    "per_feature_auc": {
      "number": {
        "target": 0.9961006747869846,
        "spd_full": 0.9961721564590839
      },
      "question": {
        "target": 1.0,
        "spd_full": 1.0
      },
      "color": {
        "target": 0.997778236689003,
        "spd_full": 0.997778236689003
      },
      "food": {
        "target": 0.9986168864300203,
        "spd_full": 0.9985724419065634
      },
      "sentiment": {
        "target": 0.9979894539827153,
        "spd_full": 0.9980108238252374
      },
      "country": {
        "target": 0.9786269476109543,
        "spd_full": 0.8676513465271901
      },
      "person": {
        "target": 0.9999573184611883,
        "spd_full": 0.9999590968586387
      },
      "body_part": {
        "target": 0.9980176896750966,
        "spd_full": 0.9980479132405885
      }
    }
  },
  "summary": {
    "C_total": 40,
    "C_alive": 40,
    "n_components_per_feature": {
      "number": 3,
      "question": 3,
      "color": 3,
      "food": 3,
      "sentiment": 3,
      "country": 6,
      "person": 3,
      "body_part": 3
    },
    "n_country_components": 6,
    "n_country_dominant_components": 40,
    "mean_monosemanticity_alive": 0.6904021009130323,
    "effect_matrix": [
      [
        0.04698442667722702,
        0.06250374019145966,
        0.02889302745461464,
        0.033816516399383545,
        0.044065821915864944,
        1.3004907369613647,
        0.04524914175271988,
        0.032077860087156296
      ],
      [
        5.570141792297363,
        6.754939556121826,
        7.864531517028809,
        4.111001491546631,
        2.6043286323547363,
        13.812721252441406,
        5.842195987701416,
        12.30286979675293
      ],
      [
        0.21522225439548492,
        0.27759602665901184,
        0.14346487820148468,
        0.11956046521663666,
        0.08096612989902496,
        5.713131427764893,
        0.21920448541641235,
        0.12300419807434082
      ],
      [
        0.04203711077570915,
        0.031397148966789246,
        0.041279152035713196,
        0.026913562789559364,
        0.0217635165899992,
        1.4933266639709473,
        0.04259821027517319,
        0.03630020096898079
      ],
      [
        0.05871064215898514,
        0.10133815556764603,
        0.04255517199635506,
        0.04368266463279724,
        0.08842767030000687,
        0.6130586266517639,
        0.06711310893297195,
        0.0373651497066021
      ],
      [
        0.027468277141451836,
        0.03470982611179352,
        0.020878629758954048,
        0.03191355615854263,
        0.015576047822833061,
        0.5746550559997559,
        0.04872852563858032,
        0.023622918874025345
      ],
      [
        0.0529601126909256,
        0.04906272888183594,
        0.03728199750185013,
        0.06100879982113838,
        0.03962045535445213,
        0.6618970036506653,
        0.06304309517145157,
        0.07464698702096939
      ],
      [
        0.03137482330203056,
        0.03709132596850395,
        0.04070590063929558,
        0.05184568837285042,
        0.034588996320962906,
        0.6581377983093262,
        0.06989642977714539,
        0.04839581251144409
      ],
      [
        0.024309560656547546,
        0.04752467945218086,
        0.02181301638484001,
        0.03344837576150894,
        0.024895232170820236,
        1.8279740810394287,
        0.10043475776910782,
        0.03719731792807579
      ],
      [
        0.06544851511716843,
        0.09296035766601562,
        0.048804979771375656,
        0.05211779475212097,
        0.05857906863093376,
        0.46886691451072693,
        0.09422869235277176,
        0.040888696908950806
      ],
      [
        0.03082100860774517,
        0.03908945620059967,
        0.023980095982551575,
        0.0329393595457077,
        0.03092692792415619,
        1.0088798999786377,
        0.043827541172504425,
        0.02839559316635132
      ],
      [
        0.06012416630983353,
        0.09076597541570663,
        0.0352935791015625,
        0.05567480996251106,
        0.05402330309152603,
        0.6702979803085327,
        0.07907825708389282,
        0.042557768523693085
      ],
      [
        21.968286514282227,
        26.09765625,
        18.360565185546875,
        22.57036781311035,
        17.785165786743164,
        43.30986022949219,
        26.65772819519043,
        20.256837844848633
      ],
      [
        0.061553407460451126,
        0.05893954634666443,
        0.03921787440776825,
        0.07022329419851303,
        0.052955832332372665,
        0.4698461592197418,
        0.10749774426221848,
        0.03468549996614456
      ],
      [
        0.04471863433718681,
        0.053086716681718826,
        0.03796234726905823,
        0.03863576054573059,
        0.026313332840800285,
        1.0628647804260254,
        0.07679340243339539,
        0.03610005974769592
      ],
      [
        0.03712112084031105,
        0.09954839199781418,
        0.06555866450071335,
        0.04685036092996597,
        0.04551364481449127,
        0.9790383577346802,
        0.06351390480995178,
        0.0502065010368824
      ],
      [
        0.03334531933069229,
        0.03925887495279312,
        0.02811642922461033,
        0.03635448217391968,
        0.04150799661874771,
        0.8415660858154297,
        0.05474939942359924,
        0.02992994152009487
      ],
      [
        0.06265272200107574,
        0.08726600557565689,
        0.06024935469031334,
        0.03721009939908981,
        0.037240806967020035,
        2.0166842937469482,
        0.10674766451120377,
        0.057357411831617355
      ],
      [
        0.11076673865318298,
        0.1142648309469223,
        0.057030245661735535,
        0.06478152424097061,
        0.08661729842424393,
        0.7474905252456665,
        0.10304193943738937,
        0.05455012992024422
      ],
      [
        0.06549288332462311,
        0.0857817605137825,
        0.06346448510885239,
        0.0365179069340229,
        0.03373955190181732,
        0.6889299750328064,
        0.08493905514478683,
        0.06828314810991287
      ],
      [
        0.0552898645401001,
        0.09331665933132172,
        0.03592658042907715,
        0.07666758447885513,
        0.05446784570813179,
        4.47876501083374,
        0.103423111140728,
        0.04141873121261597
      ],
      [
        0.11897019296884537,
        0.14077042043209076,
        0.07534144073724747,
        0.07427044957876205,
        0.060141097754240036,
        3.061899185180664,
        0.11347164213657379,
        0.1088780090212822
      ],
      [
        0.060726117342710495,
        0.06720341742038727,
        0.04490608721971512,
        0.05424279347062111,
        0.03730107843875885,
        0.6167613863945007,
        0.060241591185331345,
        0.05775202810764313
      ],
      [
        0.09102145582437515,
        0.05468287691473961,
        0.07671953737735748,
        0.08241833746433258,
        0.045181531459093094,
        0.5069285035133362,
        0.05367337912321091,
        0.0589299201965332
      ],
      [
        0.031620196998119354,
        0.06313834339380264,
        0.03355582803487778,
        0.0311835128813982,
        0.05174652114510536,
        2.2148187160491943,
        0.07704856246709824,
        0.02977839484810829
      ],
      [
        5.814395904541016,
        9.576279640197754,
        6.83619499206543,
        10.827553749084473,
        9.485610961914062,
        35.04829788208008,
        7.51266622543335,
        4.282986164093018
      ],
      [
        0.11255328357219696,
