{
  "model_key": "order2_model",
  "ckpt": "/Users/julianquick/bdc/bluedot-tais-puzzle/model.pt",
  "config": {
    "C": 40,
    "m": null,
    "topk": 10.0,
    "schatten": 10.0,
    "seed": 0,
    "steps": 6000
  },
  "faithfulness": {
    "recon_mse": 7.871049404144287,
    "recon_rel": 0.0415037847754081,
    "per_feature_auc": {
      "number": {
        "target": 0.9976178732772917,
        "spd_full": 0.9976571881969463
      },
      "question": {
        "target": 1.0,
        "spd_full": 1.0
      },
      "color": {
        "target": 0.9974880544616853,
        "spd_full": 0.9971391236852787
      },
      "food": {
        "target": 0.9960017706698145,
        "spd_full": 0.9960871041548518
      },
      "sentiment": {
        "target": 0.9961409626045564,
        "spd_full": 0.9959112367974442
      },
      "country": {
        "target": 0.99380782386699,
        "spd_full": 0.9943927293931917
      },
      "person": {
        "target": 1.0,
        "spd_full": 0.9999822160254951
      },
      "body_part": {
        "target": 0.9980852482332548,
        "spd_full": 0.9981776967865238
      }
    }
  },
  "summary": {
    "C_total": 40,
    "C_alive": 40,
    "n_components_per_feature": {
      "number": 9,
      "question": 10,
      "color": 7,
      "food": 6,
      "sentiment": 10,
      "country": 8,
      "person": 8,
      "body_part": 9
    },
    "n_country_components": 8,
    "n_country_dominant_components": 8,
    "mean_monosemanticity_alive": 0.21942648856024735,
    "effect_matrix": [
      [
        16.16793441772461,
        5.498377323150635,
        11.352956771850586,
        19.128246307373047,
        16.620975494384766,
        12.071876525878906,
        8.170891761779785,
        7.277797222137451
      ],
      [
        0.884941816329956,
        0.7637466192245483,
        0.22146065533161163,
        0.9173480868339539,
        0.522223949432373,
        0.5218343138694763,
        0.8991355895996094,
        0.16300682723522186
      ],
      [
        0.26439979672431946,
        0.5820549726486206,
        0.3878951966762543,
        0.6356266736984253,
        0.720935583114624,
        0.7648473978042603,
        0.45764461159706116,
        0.4792676270008087
      ],
      [
        0.4053865671157837,
        0.704666256904602,
        0.44641056656837463,
        0.9961971640586853,
        0.6985197067260742,
        0.5203273296356201,
        0.5366904735565186,
        0.5945174694061279
      ],
      [
        0.5510788559913635,
        0.18669305741786957,
        0.3378984034061432,
        0.3309330344200134,
        0.3347088396549225,
        0.3812999427318573,
        0.5257629752159119,
        0.15015345811843872
      ],
      [
        0.6261454820632935,
        1.1101176738739014,
        0.47997817397117615,
        0.44143539667129517,
        0.6248841881752014,
        0.5018574595451355,
        0.7468335032463074,
        0.9019551277160645
      ],
      [
        2.976210832595825,
        13.866140365600586,
        5.233091831207275,
        26.265243530273438,
        8.659408569335938,
        20.57955551147461,
        5.008296012878418,
        10.79597282409668
      ],
      [
        0.22354091703891754,
        0.6052311062812805,
        0.44796815514564514,
        0.6338327527046204,
        0.6026454567909241,
        0.5605375170707703,
        0.31551533937454224,
        0.7235496640205383
      ],
      [
        4.240276336669922,
        2.671565532684326,
        1.3649367094039917,
        2.091352939605713,
        2.5417122840881348,
        13.381828308105469,
        10.081243515014648,
        7.13348388671875
      ],
      [
        0.3365776836872101,
        0.5805666446685791,
        0.44248703122138977,
        0.40603509545326233,
        0.355876088142395,
        0.6235683560371399,
        0.42360395193099976,
        0.5503903031349182
      ],
      [
        0.3326053321361542,
        0.7638236880302429,
        0.6657348871231079,
        0.6807698011398315,
        0.25400131940841675,
        0.48641201853752136,
        0.33347195386886597,
        0.23009184002876282
      ],
      [
        0.43792077898979187,
        0.9897738695144653,
        0.5283889770507812,
        0.3919420540332794,
        0.4095352292060852,
        0.5136160850524902,
        0.5549929738044739,
        0.6983411312103271
      ],
      [
        0.2990681231021881,
        0.23305372893810272,
        0.33925652503967285,
        0.679529070854187,
        0.7034363150596619,
        0.8348072171211243,
        0.31360578536987305,
        0.40965786576271057
      ],
      [
        0.23797714710235596,
        0.29621264338493347,
        0.252170592546463,
        0.40135955810546875,
        0.3868015706539154,
        0.35677945613861084,
        0.6114124655723572,
        0.21812109649181366
      ],
      [
        0.5532940030097961,
        0.42999669909477234,
        0.410707950592041,
        0.3826165199279785,
        0.5903635025024414,
        0.8005928993225098,
        0.4824382960796356,
        0.3994913101196289
      ],
      [
        0.2855363190174103,
        0.7850350141525269,
        0.31416675448417664,
        0.9346433877944946,
        1.0469136238098145,
        0.8568772077560425,
        0.30588769912719727,
        0.3052222430706024
      ],
      [
        0.9682866930961609,
        1.7123000621795654,
        0.5764520764350891,
        0.7695080637931824,
        0.8299705386161804,
        1.4745869636535645,
        0.9556596875190735,
        0.897837221622467
      ],
      [
        3.8142807483673096,
        4.322537899017334,
        2.5997486114501953,
        1.2990233898162842,
        4.508784294128418,
        11.882607460021973,
        6.237300872802734,
        4.290222644805908
      ],
      [
        13.06767463684082,
        5.162217140197754,
        13.655716896057129,
        15.123793601989746,
        11.433685302734375,
        13.419182777404785,
        7.096595764160156,
        8.604750633239746
      ],
      [
        3.9395878314971924,
        9.380780220031738,
        4.124410629272461,
        27.211681365966797,
        6.8753557205200195,
        10.820911407470703,
        5.166522026062012,
        3.5934317111968994
      ],
      [
        0.7159781455993652,
        0.43023231625556946,
        0.4411730468273163,
        0.513369083404541,
        0.47276410460472107,
        0.41405147314071655,
        0.8859981298446655,
        0.5179715156555176
      ],
      [
        2.3623814582824707,
        2.1485066413879395,
        0.8037457466125488,
        0.664522111415863,
        3.581023693084717,
        0.7346314787864685,
        0.6816335320472717,
        2.435734272003174
      ],
      [
        0.3354835510253906,
        2.173534393310547,
        0.6983601450920105,
        3.6012887954711914,
        2.030402660369873,
        5.187315940856934,
        0.5101457834243774,
        0.7755730748176575
      ],
      [
        0.37058520317077637,
        0.6529134511947632,
        0.4982161819934845,
        0.23880450427532196,
        0.5836084485054016,
        0.322002649307251,
        0.1911047399044037,
        0.2919970154762268
      ],
      [
        0.2496565878391266,
        0.5634692907333374,
        0.43171426653862,
        0.4545538127422333,
        0.4344342350959778,
        0.489061176776886,
        0.3317936062812805,
        0.2785511910915375
      ],
      [
        0.5385226011276245,
        0.49771106243133545,
        0.5148375034332275,
        0.5732306838035583,
        0.7215393781661987,
        0.59877610206604,
        0.7450762987136841,
        0.477027952671051
      ],
      [
        0.16689036786556244,
        0.3831748366355896,
        0.3384113311767578,
        0.2873619794845581,
        0.6327810883522034,
        0.8685288429260254,
        0.3026805818080902,
        0.3458144962787628
