{
  "model_key": "order3_pinwheel",
  "ckpt": "/Users/julianquick/bdc/bluedot-tais-puzzle/model_pinwheel.pt",
  "config": {
    "C": 40,
    "m": null,
    "topk": 10.0,
    "schatten": 1.0,
    "seed": 0,
    "steps": 6000
  },
  "faithfulness": {
    "recon_mse": 1.9884353876113892,
    "recon_rel": 0.011396149337044404,
    "per_feature_auc": {
      "number": {
        "target": 0.9961006747869846,
        "spd_full": 0.9960631469091324
      },
      "question": {
        "target": 1.0,
        "spd_full": 1.0
      },
      "color": {
        "target": 0.997778236689003,
        "spd_full": 0.9978636891240413
      },
      "food": {
        "target": 0.9986168864300203,
        "spd_full": 0.998583108592193
      },
      "sentiment": {
        "target": 0.9979894539827153,
        "spd_full": 0.9979858923422951
      },
      "country": {
        "target": 0.9786269476109543,
        "spd_full": 0.8694131744191835
      },
      "person": {
        "target": 0.9999573184611883,
        "spd_full": 0.9999608752560892
      },
      "body_part": {
        "target": 0.9980176896750966,
        "spd_full": 0.998021245388684
      }
    }
  },
  "summary": {
    "C_total": 40,
    "C_alive": 40,
    "n_components_per_feature": {
      "number": 3,
      "question": 3,
      "color": 3,
      "food": 3,
      "sentiment": 3,
      "country": 7,
      "person": 3,
      "body_part": 3
    },
    "n_country_components": 7,
    "n_country_dominant_components": 38,
    "mean_monosemanticity_alive": 0.6662549682608963,
    "effect_matrix": [
      [
        0.03804907202720642,
        0.029471660032868385,
        0.02858657017350197,
        0.032430145889520645,
        0.030782025307416916,
        1.7732454538345337,
        0.046798475086688995,
        0.02789274789392948
      ],
      [
        5.997179985046387,
        7.520781993865967,
        7.711420059204102,
        4.625477313995361,
        2.6683449745178223,
        10.670938491821289,
        5.090030193328857,
        12.022905349731445
      ],
      [
        0.11107685416936874,
        0.16593292355537415,
        0.11604846268892288,
        0.07140786200761795,
        0.11268063634634018,
        6.2456512451171875,
        0.12855172157287598,
        0.08352000266313553
      ],
      [
        0.04966126009821892,
        0.0678543746471405,
        0.03713873028755188,
        0.04987020418047905,
        0.08272066712379456,
        2.8333675861358643,
        0.0472276508808136,
        0.04059764742851257
      ],
      [
        0.06877510249614716,
        0.060405001044273376,
        0.03459373861551285,
        0.04296910762786865,
        0.04912293702363968,
        0.4434613585472107,
        0.09785951673984528,
        0.03784632310271263
      ],
      [
        0.02662447839975357,
        0.03121701441705227,
        0.03478042781352997,
        0.040361084043979645,
        0.02407468669116497,
        0.8012005090713501,
        0.03366459533572197,
        0.021406644955277443
      ],
      [
        0.040174804627895355,
        0.05393873527646065,
        0.03204876929521561,
        0.03730684891343117,
        0.05105295777320862,
        0.4314335584640503,
        0.05309486761689186,
        0.041444599628448486
      ],
      [
        0.05288516357541084,
        0.06810712069272995,
        0.07962190359830856,
        0.0491943396627903,
        0.05560997873544693,
        0.46705183386802673,
        0.07452595233917236,
        0.052742231637239456
      ],
      [
        0.028516022488474846,
        0.05573052540421486,
        0.04058358445763588,
        0.0311446376144886,
        0.03145365044474602,
        1.169979453086853,
        0.046345196664333344,
        0.03432188555598259
      ],
      [
        0.06542158126831055,
        0.05851428583264351,
        0.07634823769330978,
        0.06383781880140305,
        0.042088884860277176,
        0.32706335186958313,
        0.04563696309924126,
        0.04195936396718025
      ],
      [
        0.03921126574277878,
        0.0648871436715126,
        0.03371243551373482,
        0.04490698128938675,
        0.029963137581944466,
        0.39258676767349243,
        0.06382273882627487,
        0.04041608050465584
      ],
      [
        0.07167952507734299,
        0.11935173720121384,
        0.0861707478761673,
        0.06508398801088333,
        0.08882386237382889,
        5.437985420227051,
        0.08546995371580124,
        0.06664151698350906
      ],
      [
        21.301774978637695,
        25.27242660522461,
        18.315715789794922,
        21.753931045532227,
        17.129735946655273,
        22.887826919555664,
        27.4029483795166,
        19.833520889282227
      ],
      [
        0.23461729288101196,
        0.15802085399627686,
        0.09539584815502167,
        0.26493221521377563,
        0.08474644273519516,
        5.259016513824463,
        0.5240681767463684,
        0.2261495143175125
      ],
      [
        0.022556280717253685,
        0.044149432331323624,
        0.023665666580200195,
        0.03367280960083008,
        0.026651807129383087,
        0.5492568612098694,
        0.06621216982603073,
        0.024340955540537834
      ],
      [
        0.05366300791501999,
        0.06785494089126587,
        0.05996910482645035,
        0.04958640784025192,
        0.059638842940330505,
        0.6872974634170532,
        0.04184434935450554,
        0.07114695012569427
      ],
      [
        0.033682920038700104,
        0.09633258730173111,
        0.019136838614940643,
        0.03601459786295891,
        0.02653173916041851,
        0.8241448402404785,
        0.04516077786684036,
        0.02769463136792183
      ],
      [
        0.02233799733221531,
        0.03483616188168526,
        0.028999250382184982,
        0.02806146629154682,
        0.028960272669792175,
        0.7542908787727356,
        0.04337792471051216,
        0.028690651059150696
      ],
      [
        0.06254219263792038,
        0.054526083171367645,
        0.02590818889439106,
        0.04094770923256874,
        0.06036007031798363,
        0.9144610166549683,
        0.0781126618385315,
        0.03061814419925213
      ],
      [
        0.1054571270942688,
        0.08863795548677444,
        0.05005626380443573,
        0.06335596740245819,
        0.044377803802490234,
        2.05353045463562,
        0.09397131204605103,
        0.04193838685750961
      ],
      [
        0.018669849261641502,
        0.041698798537254333,
        0.04952814057469368,
        0.03186529129743576,
        0.04342380166053772,
        0.825712263584137,
        0.04356249049305916,
        0.02366696298122406
      ],
      [
        0.058219678699970245,
        0.10358382761478424,
        0.03286594897508621,
        0.044243596494197845,
        0.03249676525592804,
        1.5504417419433594,
        0.05661265552043915,
        0.035627104341983795
      ],
      [
        0.06697297096252441,
        0.07271984219551086,
        0.056352388113737106,
        0.08062232285737991,
        0.049193788319826126,
        0.3615334630012512,
        0.07850035279989243,
        0.06056348606944084
      ],
      [
        0.04892263934016228,
        0.08395300060510635,
        0.05531628429889679,
        0.05922829359769821,
        0.05870763957500458,
        0.4063405990600586,
        0.06777581572532654,
        0.04883255437016487
      ],
      [
        0.022718438878655434,
        0.03739014267921448,
        0.017330750823020935,
        0.021706262603402138,
        0.020193809643387794,
        0.8135092258453369,
        0.029322747141122818,
        0.02325143665075302
      ],
      [
        6.036772727966309,
        10.635114669799805,
        7.198966026306152,
        10.656167030334473,
        9.476513862609863,
        20.004863739013672,
        7.490187644958496,
        5.106266975402832
      ],
      [
