{
  "order2_model": {
    "schatten": [
      0.1,
      1.0,
      10.0
    ],
    "country_auc": [
      0.9951518620974108,
      0.9934007011755001,
      0.9943927293931917
    ],
    "recon_rel": [
      0.017391266927696904,
      0.027408286992774113,
      0.0415037847754081
    ],
    "n_country_components": [
      9,
      8,
      8
    ],
    "C_alive": [
      40,
      40,
      40
    ],
    "monosemanticity": [
      0.2089163096056228,
      0.22961143785703902,
      0.21942648856024735
    ]
  },
  "order3_pinwheel": {
    "schatten": [
      0.1,
      1.0,
      10.0
    ],
    "country_auc": [
      0.8676513465271901,
      0.8694131744191835,
      0.8851113987242304
    ],
    "recon_rel": [
      0.01840656499980181,
      0.011396149337044404,
      0.013949312485512438
    ],
    "n_country_components": [
      6,
      7,
      2
    ],
    "C_alive": [
      40,
      40,
      40
    ],
    "monosemanticity": [
      0.6904021009130323,
      0.6662549682608963,
      0.6825628352086361
    ]
  }
}