{
  "model_key": "order3_pinwheel",
  "ckpt": "/Users/julianquick/bdc/bluedot-tais-puzzle/model_pinwheel.pt",
  "config": {
    "C": 40,
    "m": null,
    "topk": 10.0,
    "schatten": 1.0,
    "seed": 0,
    "steps": 10000
  },
  "faithfulness": {
    "recon_mse": 1.4286569356918335,
    "recon_rel": 0.008187939066054431,
    "per_feature_auc": {
      "number": {
        "target": 0.9961006747869846,
        "spd_full": 0.9961596471664665
      },
      "question": {
        "target": 1.0,
        "spd_full": 1.0
      },
      "color": {
        "target": 0.997778236689003,
        "spd_full": 0.9977871379843195
      },
      "food": {
        "target": 0.9986168864300203,
        "spd_full": 0.9986097753062673
      },
      "sentiment": {
        "target": 0.9979894539827153,
        "spd_full": 0.9979680841401933
      },
      "country": {
        "target": 0.9786269476109543,
        "spd_full": 0.9492163332645907
      },
      "person": {
        "target": 0.9999573184611883,
        "spd_full": 0.9999608752560892
      },
      "body_part": {
        "target": 0.9980176896750966,
        "spd_full": 0.9980248011022712
      }
    }
  },
  "summary": {
    "C_total": 40,
    "C_alive": 40,
    "n_components_per_feature": {
      "number": 3,
      "question": 3,
      "color": 3,
      "food": 3,
      "sentiment": 3,
      "country": 6,
      "person": 3,
      "body_part": 3
    },
    "n_country_components": 6,
    "n_country_dominant_components": 38,
    "mean_monosemanticity_alive": 0.7027298366496662,
    "effect_matrix": [
      [
        0.015088910236954689,
        0.019005991518497467,
        0.012456445023417473,
        0.016846394166350365,
        0.015419922769069672,
        1.0991473197937012,
        0.019318098202347755,
        0.014679173938930035
      ],
      [
        6.852259159088135,
        9.210517883300781,
        8.224250793457031,
        5.694190979003906,
        3.708583116531372,
        8.671095848083496,
        7.557307243347168,
        11.864577293395996
      ],
      [
        0.045237861573696136,
        0.0754254162311554,
        0.03250604867935181,
        0.05267636850476265,
        0.03814081847667694,
        5.250118255615234,
        0.07644768804311752,
        0.04364903271198273
      ],
      [
        0.07296643406152725,
        0.0912514477968216,
        0.0526643842458725,
        0.07221713662147522,
        0.06936556100845337,
        6.38916540145874,
        0.062464527785778046,
        0.03950017690658569
      ],
      [
        0.020398007705807686,
        0.023454979062080383,
        0.0218681488186121,
        0.019395925104618073,
        0.023430652916431427,
        0.2864171862602234,
        0.030517086386680603,
        0.016932733356952667
      ],
      [
        0.014070572331547737,
        0.018774643540382385,
        0.01392742246389389,
        0.015007195994257927,
        0.012482033111155033,
        0.31988468766212463,
        0.022754890844225883,
        0.017282797023653984
      ],
      [
        0.030491704121232033,
        0.0371536910533905,
        0.016404850408434868,
        0.021135922521352768,
        0.0378170944750309,
        0.4416486322879791,
        0.0392133854329586,
        0.03204576298594475
      ],
      [
        0.02870064601302147,
        0.03763309493660927,
        0.057414460927248,
        0.025768166407942772,
        0.037381015717983246,
        0.2118782103061676,
        0.028908556327223778,
        0.035186517983675
      ],
      [
        0.02106308937072754,
        0.024151895195245743,
        0.013788208365440369,
        0.021401256322860718,
        0.018596049398183823,
        1.6044089794158936,
        0.022075053304433823,
        0.020174620673060417
      ],
      [
        0.040066760033369064,
        0.03811143338680267,
        0.012935814447700977,
        0.03159511461853981,
        0.022701643407344818,
        0.18715250492095947,
        0.027824874967336655,
        0.024596549570560455
      ],
      [
        0.01876038685441017,
        0.02838335558772087,
        0.012599346227943897,
        0.016999905928969383,
        0.016564160585403442,
        0.5198443531990051,
        0.02741832286119461,
        0.02538740634918213
      ],
      [
        0.045101042836904526,
        0.05804447829723358,
        0.04417174309492111,
        0.05498411878943443,
        0.04574583098292351,
        5.928601264953613,
        0.06245625391602516,
        0.03976468741893768
      ],
      [
        20.1948184967041,
        23.93109893798828,
        17.433258056640625,
        21.42922592163086,
        17.324726104736328,
        21.70743179321289,
        24.770601272583008,
        19.20408821105957
      ],
      [
        0.03319542109966278,
        0.03668371960520744,
        0.016546407714486122,
        0.035735588520765305,
        0.017568137496709824,
        0.43809041380882263,
        0.03734349086880684,
        0.019095968455076218
      ],
      [
        0.014134787023067474,
        0.01715792715549469,
        0.013913367874920368,
        0.015552804805338383,
        0.013567551039159298,
        0.31664031744003296,
        0.019456930458545685,
        0.01242749486118555
      ],
      [
        0.025445375591516495,
        0.05580517649650574,
        0.02783205360174179,
        0.02573472633957863,
        0.03728745877742767,
        0.4331376850605011,
        0.027691004797816277,
        0.05847269669175148
      ],
      [
        0.019221194088459015,
        0.027269208803772926,
        0.012734961695969105,
        0.019009549170732498,
        0.015457863919436932,
        1.2463477849960327,
        0.02288019098341465,
        0.01567653939127922
      ],
      [
        0.019505776464939117,
        0.023810110986232758,
        0.014463103376328945,
        0.020037492737174034,
        0.016309447586536407,
        0.3290938436985016,
        0.015592104755342007,
        0.01344021875411272
      ],
      [
        0.026358989998698235,
        0.029359836131334305,
        0.013253649696707726,
        0.01943419873714447,
        0.028932733461260796,
        0.43366867303848267,
        0.0315229706466198,
        0.017939239740371704
      ],
      [
        0.022842753678560257,
        0.03015327826142311,
        0.017935050651431084,
        0.024213535711169243,
        0.012625463306903839,
        0.5635408759117126,
        0.025921182706952095,
        0.021780429407954216
      ],
      [
        0.013694562017917633,
        0.025549033656716347,
        0.017312975600361824,
        0.021693086251616478,
        0.024991396814584732,
        1.354378342628479,
        0.02382594719529152,
        0.015461037866771221
      ],
      [
        0.016269501298666,
        0.031227227300405502,
        0.015119345858693123,
        0.02719404175877571,
        0.0168914832174778,
        0.269440621137619,
        0.021795522421598434,
        0.020210884511470795
      ],
      [
        0.03319060057401657,
        0.037725672125816345,
        0.042985521256923676,
        0.04210028797388077,
        0.030766529962420464,
        0.19181853532791138,
        0.03173433616757393,
        0.03556904196739197
      ],
      [
        0.021258939057588577,
        0.030351901426911354,
        0.016819722950458527,
        0.02353985235095024,
        0.02776060812175274,
        0.26584601402282715,
        0.023773783817887306,
        0.01637144200503826
      ],
      [
        0.014447963796555996,
        0.031434185802936554,
        0.016329927369952202,
        0.01655503548681736,
        0.011250127106904984,
        0.5878303050994873,
        0.026473598554730415,
        0.020634280517697334
      ],
      [
        5.48320198059082,
        11.105446815490723,
        7.382286548614502,
        10.501758575439453,
        9.041191101074219,
        13.804997444152832,
        8.161921501159668,
