{
  "model_key": "order3_pinwheel",
  "ckpt": "/Users/julianquick/bdc/bluedot-tais-puzzle/model_pinwheel.pt",
  "config": {
    "C": 40,
    "m": null,
    "topk": 10.0,
    "schatten": 1.0,
    "seed": 1,
    "steps": 10000
  },
  "faithfulness": {
    "recon_mse": 1.5187039375305176,
    "recon_rel": 0.008704017731069274,
    "per_feature_auc": {
      "number": {
        "target": 0.9961006747869846,
        "spd_full": 0.9960828043689598
      },
      "question": {
        "target": 1.0,
        "spd_full": 1.0
      },
      "color": {
        "target": 0.997778236689003,
        "spd_full": 0.9977408512486737
      },
      "food": {
        "target": 0.9986168864300203,
        "spd_full": 0.9986168864300203
      },
      "sentiment": {
        "target": 0.9979894539827153,
        "spd_full": 0.9980090430050272
      },
      "country": {
        "target": 0.9786269476109543,
        "spd_full": 0.9229222520107239
      },
      "person": {
        "target": 0.9999573184611883,
        "spd_full": 0.9999555400637378
      },
      "body_part": {
        "target": 0.9980176896750966,
        "spd_full": 0.9980248011022712
      }
    }
  },
  "summary": {
    "C_total": 40,
    "C_alive": 40,
    "n_components_per_feature": {
      "number": 2,
      "question": 2,
      "color": 2,
      "food": 2,
      "sentiment": 2,
      "country": 9,
      "person": 2,
      "body_part": 2
    },
    "n_country_components": 9,
    "n_country_dominant_components": 38,
    "mean_monosemanticity_alive": 0.6919893724051149,
    "effect_matrix": [
      [
        0.032497797161340714,
        0.06384825706481934,
        0.03194267302751541,
        0.046194158494472504,
        0.021607784554362297,
        0.3636922538280487,
        0.03746851533651352,
        0.03669968247413635
      ],
      [
        0.02498498558998108,
        0.03883887454867363,
        0.029736198484897614,
        0.04305427521467209,
        0.029793094843626022,
        0.507796585559845,
        0.03717975318431854,
        0.029904523864388466
      ],
      [
        0.028648128733038902,
        0.04368162527680397,
        0.020506886765360832,
        0.02183123491704464,
        0.026428114622831345,
        0.4109916388988495,
        0.033672548830509186,
        0.022089248523116112
      ],
      [
        0.019635381177067757,
        0.030618658289313316,
        0.01633768156170845,
        0.0239806417375803,
        0.012692198157310486,
        0.6735634207725525,
        0.016546621918678284,
        0.01749499887228012
      ],
      [
        0.020404985174536705,
        0.03664880990982056,
        0.021760519593954086,
        0.020937055349349976,
        0.014376942999660969,
        0.49109745025634766,
        0.02835151180624962,
        0.025309724733233452
      ],
      [
        0.02589350938796997,
        0.04533199220895767,
        0.021533168852329254,
        0.07292269915342331,
        0.028607849031686783,
        0.4345781207084656,
        0.02924397774040699,
        0.027096085250377655
      ],
      [
        0.03699926659464836,
        0.058905452489852905,
        0.024913331493735313,
        0.044025786221027374,
        0.03173251450061798,
        2.885603666305542,
        0.06540466845035553,
        0.03453517705202103
      ],
      [
        0.024247996509075165,
        0.02265176549553871,
        0.03179658576846123,
        0.042967360466718674,
        0.03459993749856949,
        0.2679804265499115,
        0.07125845551490784,
        0.044705260545015335
      ],
      [
        0.03095453791320324,
        0.05845191702246666,
        0.027173424139618874,
        0.05219750106334686,
        0.02381020039319992,
        1.8789173364639282,
        0.04142133146524429,
        0.04682883992791176
      ],
      [
        0.020616473630070686,
        0.04249408096075058,
        0.02901262231171131,
        0.02194991335272789,
        0.014611121267080307,
        0.4733097553253174,
        0.03752291202545166,
        0.0283458661288023
      ],
      [
        0.02516120858490467,
        0.03418411314487457,
        0.018868708983063698,
        0.024019936099648476,
        0.01595923863351345,
        0.3821121156215668,
        0.026369892060756683,
        0.024752797558903694
      ],
      [
        0.032948944717645645,
        0.03673773258924484,
        0.03762316331267357,
        0.029211455956101418,
        0.02872520498931408,
        0.3795129954814911,
        0.04288717359304428,
        0.019791804254055023
      ],
      [
        0.017879778519272804,
        0.036552730947732925,
        0.022151343524456024,
        0.021898431703448296,
        0.024318600073456764,
        0.34520140290260315,
        0.026400409638881683,
        0.023001568391919136
      ],
      [
        0.049473654478788376,
        0.03695950284600258,
        0.016871223226189613,
        0.039086319506168365,
        0.031069856137037277,
        0.35013943910598755,
        0.028136800974607468,
        0.033230990171432495
      ],
      [
        0.024560732766985893,
        0.031986139714717865,
        0.02768382430076599,
        0.03242975100874901,
        0.023303475230932236,
        1.1463271379470825,
        0.037215813994407654,
        0.029004095122218132
      ],
      [
        0.05074572563171387,
        0.06929056346416473,
        0.0539262555539608,
        0.038930729031562805,
        0.03794208541512489,
        0.23505114018917084,
        0.05567648634314537,
        0.04355804994702339
      ],
      [
        16.361337661743164,
        10.967216491699219,
        8.870226860046387,
        19.168611526489258,
        13.126716613769531,
        14.889517784118652,
        21.93726921081543,
        10.41077995300293
      ],
      [
        0.02552536316215992,
        0.05416528508067131,
        0.02381272427737713,
        0.03804505988955498,
        0.02763250470161438,
        3.1513288021087646,
        0.06405562162399292,
        0.0305172149091959
      ],
      [
        0.027592267841100693,
        0.025473380461335182,
        0.026413919404149055,
        0.030632924288511276,
        0.02087094634771347,
        0.5428315997123718,
        0.030505146831274033,
        0.023222601041197777
      ],
      [
        0.028388632461428642,
        0.06267540156841278,
        0.03340345248579979,
        0.05281639099121094,
        0.03894655779004097,
        4.496532440185547,
        0.04269824177026749,
        0.039317674934864044
      ],
      [
        0.03353922441601753,
        0.03593475744128227,
        0.023869751021265984,
        0.040212482213974,
        0.025453228503465652,
        0.3092433512210846,
        0.032951612025499344,
        0.02057255618274212
      ],
      [
        0.024841398000717163,
        0.026806430891156197,
        0.023155994713306427,
        0.022273516282439232,
        0.028519511222839355,
        0.467340886592865,
        0.033327870070934296,
        0.016730783507227898
      ],
      [
        0.028123244643211365,
        0.028094330802559853,
        0.02497328817844391,
        0.031471412628889084,
        0.021316232159733772,
        0.2758936882019043,
        0.029299039393663406,
        0.03208599239587784
      ],
      [
        0.018302656710147858,
        0.04447992891073227,
        0.01995144784450531,
        0.017592068761587143,
        0.025698773562908173,
        0.8616517186164856,
        0.029193241149187088,
        0.03112814761698246
      ],
      [
        0.0418940968811512,
        0.06271286308765411,
        0.07731623202562332,
        0.05312279984354973,
        0.052851252257823944,
        0.33993178606033325,
        0.04554618522524834,
        0.060686297714710236
      ],
      [
        0.024070797488093376,
        0.02695801667869091,
        0.032722655683755875,
        0.03357910364866257,
        0.03558327630162239,
        0.33697235584259033,
