{
  "model_key": "order1_vanilla",
  "ckpt": "/Users/julianquick/bdc/bluedot-tais-puzzle/model_vanilla.pt",
  "config": {
    "C": 40,
    "m": null,
    "topk": 10.0,
    "schatten": 1.0,
    "seed": 1,
    "steps": 10000
  },
  "faithfulness": {
    "recon_mse": 0.2198810577392578,
    "recon_rel": 0.0009229927148220975,
    "per_feature_auc": {
      "number": {
        "target": 0.9959112483559216,
        "spd_full": 0.9959434151083663
      },
      "question": {
        "target": 1.0,
        "spd_full": 1.0
      },
      "color": {
        "target": 0.9977355104714838,
        "spd_full": 0.9976821026995848
      },
      "food": {
        "target": 0.9984337749933778,
        "spd_full": 0.9984284416505629
      },
      "sentiment": {
        "target": 0.99803753612839,
        "spd_full": 0.9979627416795628
      },
      "country": {
        "target": 0.9996088777636342,
        "spd_full": 0.9996088777636342
      },
      "person": {
        "target": 0.9999253073070794,
        "spd_full": 0.9999341992943319
      },
      "body_part": {
        "target": 0.9977065647362104,
        "spd_full": 0.9977403440152895
      }
    }
  },
  "summary": {
    "C_total": 40,
    "C_alive": 40,
    "n_components_per_feature": {
      "number": 9,
      "question": 9,
      "color": 9,
      "food": 8,
      "sentiment": 9,
      "country": 9,
      "person": 9,
      "body_part": 9
    },
    "n_country_components": 9,
    "n_country_dominant_components": 7,
    "mean_monosemanticity_alive": 0.1831572897340294,
    "effect_matrix": [
      [
        0.01872035302221775,
        0.022539295256137848,
        0.032571837306022644,
        0.043339479714632034,
        0.030573509633541107,
        0.029040813446044922,
        0.023413805291056633,
        0.029638344421982765
      ],
      [
        4.032051086425781,
        3.7118406295776367,
        5.978978633880615,
        10.60645580291748,
        7.144200801849365,
        6.947026252746582,
        9.95866584777832,
        3.9048550128936768
      ],
      [
        0.025624006986618042,
        0.03338497132062912,
        0.02335991896688938,
        0.031500354409217834,
        0.02815784141421318,
        0.02322421222925186,
        0.03417842090129852,
        0.029026521369814873
      ],
      [
        0.03024592623114586,
        0.033626165241003036,
        0.02190397121012211,
        0.03508414700627327,
        0.03144579753279686,
        0.038206201046705246,
        0.038563553243875504,
        0.031500909477472305
      ],
      [
        2.6207311153411865,
        9.098249435424805,
        1.5003151893615723,
        4.388875961303711,
        2.8555219173431396,
        2.8288068771362305,
        2.830425500869751,
        4.249374866485596
      ],
      [
        0.024970458820462227,
        0.033921923488378525,
        0.026522215455770493,
        0.03519483283162117,
        0.04410717263817787,
        0.03217370808124542,
        0.02280300110578537,
        0.046402718871831894
      ],
      [
        0.03232894837856293,
        0.061661895364522934,
        0.035682473331689835,
        0.03924291580915451,
        0.04076592996716499,
        0.05543770268559456,
        0.028095051646232605,
        0.024784527719020844
      ],
      [
        4.776407241821289,
        7.347456455230713,
        5.992517948150635,
        9.680418968200684,
        8.390986442565918,
        10.343650817871094,
        8.982452392578125,
        7.44972562789917
      ],
      [
        0.013681047596037388,
        0.03821275383234024,
        0.02718316949903965,
        0.021746644750237465,
        0.017848609015345573,
        0.03542487323284149,
        0.05592503026127815,
        0.02428683452308178
      ],
      [
        0.02649318054318428,
        0.027882054448127747,
        0.017729291692376137,
        0.024987531825900078,
        0.03213239461183548,
        0.03508225828409195,
        0.03663575276732445,
        0.02541354112327099
      ],
      [
        0.0251561738550663,
        0.028545578941702843,
        0.030042966827750206,
        0.028388872742652893,
        0.03205762058496475,
        0.02424343302845955,
        0.028519747778773308,
        0.017496900632977486
      ],
      [
        0.022567884996533394,
        0.03559250384569168,
        0.022221172228455544,
        0.03133983910083771,
        0.028187600895762444,
        0.03437576815485954,
        0.02879546396434307,
        0.025284450501203537
      ],
      [
        0.029418254271149635,
        0.024703260511159897,
        0.027556980028748512,
        0.03882667422294617,
        0.028790060430765152,
        0.035137150436639786,
        0.025788744911551476,
        0.04436754435300827
      ],
      [
        0.02774195745587349,
        0.02950003370642662,
        0.01754550263285637,
        0.036318764090538025,
        0.022976120933890343,
        0.03679506853222847,
        0.025267822667956352,
        0.022727735340595245
      ],
      [
        0.024788066744804382,
        0.02603784017264843,
        0.02524995058774948,
        0.03272318094968796,
        0.029745003208518028,
        0.036199379712343216,
        0.03968951478600502,
        0.025035101920366287
      ],
      [
        0.029734395444393158,
        0.030141834169626236,
        0.033398717641830444,
        0.03594236820936203,
        0.03105582855641842,
        0.03627154231071472,
        0.04368441551923752,
        0.04102293401956558
      ],
      [
        4.023794174194336,
        2.498141050338745,
        3.173647403717041,
        5.382879734039307,
        4.728423118591309,
        3.8158516883850098,
        6.794989585876465,
        4.015605926513672
      ],
      [
        0.02127036266028881,
        0.06838810443878174,
        0.02279715985059738,
        0.050217095762491226,
        0.02593953348696232,
        0.09354664385318756,
        0.09409712255001068,
        0.021776529029011726
      ],
      [
        0.038550976663827896,
        0.0743877962231636,
        0.03568672388792038,
        0.05990325286984444,
        0.037590302526950836,
        0.04817097634077072,
        0.025923246517777443,
        0.023228701204061508
      ],
      [
        0.02192804589867592,
        0.04598221555352211,
        0.03028494119644165,
        0.02764987386763096,
        0.018565822392702103,
        0.03433208540081978,
        0.030456524342298508,
        0.03518417850136757
      ],
      [
        0.031992360949516296,
        0.02999393455684185,
        0.02220725081861019,
        0.027160264551639557,
        0.021647727116942406,
        0.027659166604280472,
        0.030478406697511673,
        0.01996874064207077
      ],
      [
        0.04103155434131622,
        0.06250927597284317,
        0.07460412383079529,
        0.24227161705493927,
        0.1525305062532425,
        0.11945498734712601,
        0.06544850021600723,
        0.12160255014896393
      ],
      [
        0.021041179075837135,
        0.024481289088726044,
        0.03363247960805893,
        0.03532306104898453,
        0.026989424601197243,
        0.024336010217666626,
        0.03169165551662445,
        0.03703562542796135
      ],
      [
        0.0344783216714859,
        0.030206499621272087,
        0.042118996381759644,
        0.04237038269639015,
        0.032771892845630646,
        0.04498458281159401,
        0.01882166974246502,
        0.028055528178811073
      ],
      [
        0.03344972804188728,
        0.02379402332007885,
        0.03632979467511177,
        0.03200741484761238,
        0.03598123788833618,
        0.02861739695072174,
        0.036523252725601196,
        0.028393447399139404
      ],
      [
        2.359030246734619,
        1.5224592685699463,
        5.135056495666504,
        4.369304180145264,
        2.6996476650238037,
        3.0621280670166016,
        4.763111114501953,
