{
  "model_key": "order2_model",
  "ckpt": "/Users/julianquick/bdc/bluedot-tais-puzzle/model.pt",
  "config": {
    "C": 40,
    "m": null,
    "topk": 10.0,
    "schatten": 1.0,
    "seed": 0,
    "steps": 10000
  },
  "faithfulness": {
    "recon_mse": 1.2759294509887695,
    "recon_rel": 0.006727934053438925,
    "per_feature_auc": {
      "number": {
        "target": 0.9976178732772917,
        "spd_full": 0.9975124378109452
      },
      "question": {
        "target": 1.0,
        "spd_full": 1.0
      },
      "color": {
        "target": 0.9974880544616853,
        "spd_full": 0.997379458658824
      },
      "food": {
        "target": 0.9960017706698145,
        "spd_full": 0.9959448816797897
      },
      "sentiment": {
        "target": 0.9961409626045564,
        "spd_full": 0.9964437020402858
      },
      "country": {
        "target": 0.99380782386699,
        "spd_full": 0.9929651332304563
      },
      "person": {
        "target": 1.0,
        "spd_full": 0.9999964432050991
      },
      "body_part": {
        "target": 0.9980852482332548,
        "spd_full": 0.9983839281745855
      }
    }
  },
  "summary": {
    "C_total": 40,
    "C_alive": 40,
    "n_components_per_feature": {
      "number": 8,
      "question": 9,
      "color": 8,
      "food": 6,
      "sentiment": 9,
      "country": 8,
      "person": 8,
      "body_part": 9
    },
    "n_country_components": 8,
    "n_country_dominant_components": 5,
    "mean_monosemanticity_alive": 0.21422277379468918,
    "effect_matrix": [
      [
        12.460878372192383,
        5.836923599243164,
        10.20207405090332,
        19.51393699645996,
        13.393448829650879,
        12.353407859802246,
        7.9984307289123535,
        7.661375045776367
      ],
      [
        0.18220484256744385,
        0.40046876668930054,
        0.27518945932388306,
        0.3003246486186981,
        0.470684289932251,
        0.244862362742424,
        0.26437878608703613,
        0.18375848233699799
      ],
      [
        0.1290324479341507,
        0.3889600336551666,
        0.1352725774049759,
        0.23033137619495392,
        0.4720476269721985,
        0.22814783453941345,
        0.23180237412452698,
        0.5611532926559448
      ],
      [
        0.15101948380470276,
        0.2326139360666275,
        0.1555686891078949,
        0.38858842849731445,
        0.21362824738025665,
        0.2517735958099365,
        0.4583318531513214,
        0.1598110795021057
      ],
      [
        0.2941608726978302,
        0.27378615736961365,
        0.3168275058269501,
        0.22514738142490387,
        0.31201526522636414,
        0.23147167265415192,
        0.3001163601875305,
        0.16185720264911652
      ],
      [
        0.46528932452201843,
        0.23894137144088745,
        0.29618582129478455,
        0.23592691123485565,
        0.24042584002017975,
        0.6025717258453369,
        0.21318459510803223,
        0.21923628449440002
      ],
      [
        3.591707706451416,
        11.756324768066406,
        2.084542751312256,
        21.339534759521484,
        10.94906234741211,
        18.14064598083496,
        5.150448322296143,
        11.183696746826172
      ],
      [
        0.2507702708244324,
        0.5336165428161621,
        0.15074123442173004,
        0.3896460235118866,
        0.5152307152748108,
        0.2879094183444977,
        0.2709895372390747,
        0.4432508647441864
      ],
      [
        3.513798236846924,
        3.1169848442077637,
        1.4491082429885864,
        1.9998093843460083,
        4.193382740020752,
        12.383906364440918,
        4.759730339050293,
        6.163618564605713
      ],
      [
        0.25129416584968567,
        0.2976398169994354,
        0.1824335753917694,
        0.18640238046646118,
        0.23990070819854736,
        0.18925434350967407,
        0.18433625996112823,
        0.27328553795814514
      ],
      [
        0.27505141496658325,
        0.28224337100982666,
        0.12758728861808777,
        0.15351267158985138,
        0.25731977820396423,
        0.14202925562858582,
        0.35271885991096497,
        0.11251857876777649
      ],
      [
        0.36852261424064636,
        0.26361775398254395,
        0.20943689346313477,
        0.2657959759235382,
        0.3560209572315216,
        0.2450638860464096,
        0.4208295941352844,
        0.41980740427970886
      ],
      [
        0.3368554413318634,
        0.993577778339386,
        0.4073147475719452,
        0.3202010989189148,
        0.4162827730178833,
        0.18978194892406464,
        0.5619391202926636,
        0.5304055213928223
      ],
      [
        0.2321629375219345,
        0.24499554932117462,
        0.17508439719676971,
        0.3760316073894501,
        0.18190713226795197,
        0.15342801809310913,
        0.3018665313720703,
        0.14798520505428314
      ],
      [
        0.2768721580505371,
        0.43367573618888855,
        0.3885306417942047,
        0.2584272623062134,
        0.2712605893611908,
        0.3025745451450348,
        0.2614644467830658,
        0.20808649063110352
      ],
      [
        0.2346201390028,
        0.354520708322525,
        0.2043813318014145,
        0.23258882761001587,
        0.5335672497749329,
        0.37875548005104065,
        0.19894593954086304,
        0.2714357078075409
      ],
      [
        0.17264148592948914,
        0.2112869769334793,
        0.3025740683078766,
        0.24386638402938843,
        0.3420664966106415,
        0.20892608165740967,
        0.3163679838180542,
        0.18934570252895355
      ],
      [
        0.20421360433101654,
        0.6219268441200256,
        0.3443998098373413,
        0.4186374843120575,
        0.5047329068183899,
        0.4926765263080597,
        0.35011935234069824,
        0.4400961101055145
      ],
      [
        8.803648948669434,
        5.104913711547852,
        12.026477813720703,
        15.292045593261719,
        12.10174560546875,
        11.784794807434082,
        5.381293773651123,
        9.049304008483887
      ],
      [
        5.5095343589782715,
        12.413415908813477,
        5.129094123840332,
        22.350479125976562,
        6.949343204498291,
        9.36526107788086,
        4.937442302703857,
        3.430307149887085
      ],
      [
        0.25552746653556824,
        0.21430703997612,
        0.25105130672454834,
        0.13983024656772614,
        0.34477266669273376,
        0.2783257067203522,
        0.2838875949382782,
        0.13665515184402466
      ],
      [
        1.1954360008239746,
        2.4239847660064697,
        1.0791630744934082,
        0.8309512138366699,
        4.143188953399658,
        1.325374960899353,
        0.6757663488388062,
        1.186307430267334
      ],
      [
        0.2835787832736969,
        0.4707985520362854,
        0.1639273464679718,
        0.3652958273887634,
        0.7115196585655212,
        0.3394243121147156,
        0.6680134534835815,
        0.4711139500141144
      ],
      [
        0.3902129828929901,
        0.38577961921691895,
        0.365585058927536,
        0.3420311510562897,
        0.6575613021850586,
        0.5211540460586548,
        0.576893150806427,
        0.3634885549545288
      ],
      [
        0.2721601724624634,
        0.25594133138656616,
        0.22288811206817627,
        0.3102892339229584,
        0.5955632925033569,
        0.24609224498271942,
        0.26853492856025696,
        0.18776965141296387
      ],
      [
        0.45406490564346313,
        0.35760071873664856,
        0.174335777759552,
        0.22492846846580505,
        0.2427302449941635,
        0.4459756016731262,
        0.2727724015712738,
        0.250576376914978
      ],
      [
        0.23417820036411285,
        0.38507577776908875,
        0.2413562387228012,
        0.2726377248764038,
        0.21911779046058655,
        0.22767332196235657,
