{
  "model_key": "order2_model",
  "ckpt": "/Users/julianquick/bdc/bluedot-tais-puzzle/model.pt",
  "config": {
    "C": 40,
    "m": null,
    "topk": 10.0,
    "schatten": 1.0,
    "seed": 1,
    "steps": 10000
  },
  "faithfulness": {
    "recon_mse": 0.34278246760368347,
    "recon_rel": 0.0018074806839245424,
    "per_feature_auc": {
      "number": {
        "target": 0.9976178732772917,
        "spd_full": 0.9976196603190942
      },
      "question": {
        "target": 1.0,
        "spd_full": 1.0
      },
      "color": {
        "target": 0.9974880544616853,
        "spd_full": 0.9974115033219634
      },
      "food": {
        "target": 0.9960017706698145,
        "spd_full": 0.9960373262885801
      },
      "sentiment": {
        "target": 0.9961409626045564,
        "spd_full": 0.9959682230441697
      },
      "country": {
        "target": 0.99380782386699,
        "spd_full": 0.9933011427880615
      },
      "person": {
        "target": 1.0,
        "spd_full": 0.9999982216025495
      },
      "body_part": {
        "target": 0.9980852482332548,
        "spd_full": 0.9980603582381439
      }
    }
  },
  "summary": {
    "C_total": 40,
    "C_alive": 40,
    "n_components_per_feature": {
      "number": 8,
      "question": 8,
      "color": 8,
      "food": 8,
      "sentiment": 8,
      "country": 9,
      "person": 9,
      "body_part": 8
    },
    "n_country_components": 9,
    "n_country_dominant_components": 6,
    "mean_monosemanticity_alive": 0.2091044822609164,
    "effect_matrix": [
      [
        0.14261312782764435,
        0.4242420494556427,
        0.22178038954734802,
        0.1384609490633011,
        0.201433002948761,
        0.19427631795406342,
        0.14067187905311584,
        0.20731337368488312
      ],
      [
        0.287074476480484,
        0.4815220832824707,
        0.23622925579547882,
        0.40761303901672363,
        0.33227577805519104,
        0.5829354524612427,
        0.23291116952896118,
        0.18660375475883484
      ],
      [
        0.15027201175689697,
        0.27521100640296936,
        0.15412700176239014,
        0.13818657398223877,
        0.15121957659721375,
        0.15994754433631897,
        0.17145834863185883,
        0.26236122846603394
      ],
      [
        0.0892518162727356,
        0.19531968235969543,
        0.16443438827991486,
        0.2162492424249649,
        0.1618337631225586,
        0.215792715549469,
        0.17756959795951843,
        0.20473980903625488
      ],
      [
        0.19128210842609406,
        0.2550182342529297,
        0.20447838306427002,
        0.23975519835948944,
        0.2338571399450302,
        0.23083257675170898,
        0.2246169000864029,
        0.2185567170381546
      ],
      [
        6.8199028968811035,
        4.44450044631958,
        2.48071026802063,
        8.496743202209473,
        7.853721618652344,
        6.390848636627197,
        10.639775276184082,
        10.881024360656738
      ],
      [
        0.13216759264469147,
        0.1736784130334854,
        0.21621482074260712,
        0.13245879113674164,
        0.19833971560001373,
        0.16962216794490814,
        0.13698145747184753,
        0.2822969853878021
      ],
      [
        0.14795725047588348,
        0.20925404131412506,
        0.31875932216644287,
        0.1602575182914734,
        0.2650296688079834,
        0.16193093359470367,
        0.09730234742164612,
        0.13255731761455536
      ],
      [
        0.1680269092321396,
        0.1730821132659912,
        0.1764875203371048,
        0.32799848914146423,
        0.18082036077976227,
        0.12733414769172668,
        0.17381353676319122,
        0.20747755467891693
      ],
      [
        0.199344664812088,
        0.2421579211950302,
        0.18320833146572113,
        0.17163635790348053,
        0.2728932499885559,
        0.2795255780220032,
        0.27987387776374817,
        0.2523442506790161
      ],
      [
        0.12846581637859344,
        0.37405046820640564,
        0.15599234402179718,
        0.18844829499721527,
        0.2646949887275696,
        0.1584775745868683,
        0.1504991352558136,
        0.32615911960601807
      ],
      [
        0.26512467861175537,
        0.39089688658714294,
        0.3069970905780792,
        0.2030688375234604,
        0.2585245668888092,
        0.20736676454544067,
        0.20102562010288239,
        0.2656388282775879
      ],
      [
        0.11396728456020355,
        0.22603346407413483,
        0.25510650873184204,
        0.25150439143180847,
        0.11527116596698761,
        0.1593075394630432,
        0.2626141905784607,
        0.1379837542772293
      ],
      [
        0.1225624531507492,
        0.19769585132598877,
        0.14215601980686188,
        0.10343669354915619,
        0.19293564558029175,
        0.2622809112071991,
        0.08746391534805298,
        0.17062786221504211
      ],
      [
        0.26605793833732605,
        0.25247785449028015,
        0.16980032622814178,
        0.2214517742395401,
        0.30089837312698364,
        0.2673880457878113,
        0.17889776825904846,
        0.2316889762878418
      ],
      [
        0.155720517039299,
        0.2537505328655243,
        0.16198690235614777,
        0.24822378158569336,
        0.26420915126800537,
        0.15548214316368103,
        0.13766881823539734,
        0.11296224594116211
      ],
      [
        0.24299724400043488,
        0.340474009513855,
        0.22914375364780426,
        0.3535037040710449,
        0.2263968288898468,
        0.22099021077156067,
        0.11978361010551453,
        0.2734825611114502
      ],
      [
        2.866791248321533,
        2.7489659786224365,
        4.388794422149658,
        17.76479721069336,
        11.570960998535156,
        15.011387825012207,
        8.877310752868652,
        5.480700492858887
      ],
      [
        0.13624948263168335,
        0.27868151664733887,
        0.241689994931221,
        0.14246271550655365,
        0.23683933913707733,
        0.3689080774784088,
        0.41664883494377136,
        0.24617750942707062
      ],
      [
        0.0877256840467453,
        0.3104405701160431,
        0.1160469651222229,
        0.25110924243927,
        0.28767943382263184,
        0.2313544750213623,
        0.1816340833902359,
        0.184461310505867
      ],
      [
        5.481612205505371,
        4.5464863777160645,
        12.291563034057617,
        17.61497688293457,
        10.740015983581543,
        11.845837593078613,
        5.480807304382324,
        6.344770431518555
      ],
      [
        2.4940683841705322,
        5.9648590087890625,
        5.226348400115967,
        2.0879478454589844,
        4.663383960723877,
        2.1000497341156006,
        3.472991943359375,
        3.6262359619140625
      ],
      [
        0.3262859880924225,
        0.4389096200466156,
        0.7634405493736267,
        0.3094232976436615,
        0.33209356665611267,
        0.33646491169929504,
        0.3233721852302551,
        0.30156072974205017
      ],
      [
        0.12243100255727768,
        0.26550430059432983,
        0.2140679508447647,
        0.1479150503873825,
        0.14745061099529266,
        0.18414723873138428,
        0.28625673055648804,
        0.19562827050685883
      ],
      [
        0.32807859778404236,
        0.2528521418571472,
        0.22845140099525452,
        0.18611086905002594,
        0.23049621284008026,
        0.18057781457901,
        0.3179174065589905,
        0.25928544998168945
      ],
      [
        0.1032540425658226,
        0.17448440194129944,
        0.2300669252872467,
        0.13953594863414764,
        0.17828251421451569,
        0.25513139367103577,
        0.21739251911640167,
        0.13861551880836487
      ],
      [
        0.11608356982469559,
        0.21789877116680145,
        0.14547938108444214,
        0.19596800208091736,
