{
  "model_key": "order1_vanilla",
  "ckpt": "/Users/julianquick/bdc/bluedot-tais-puzzle/model_vanilla.pt",
  "config": {
    "C": 40,
    "m": null,
    "topk": 10.0,
    "schatten": 1.0,
    "seed": 0,
    "steps": 10000
  },
  "faithfulness": {
    "recon_mse": 0.43623751401901245,
    "recon_rel": 0.0018311902421768395,
    "per_feature_auc": {
      "number": {
        "target": 0.9959112483559216,
        "spd_full": 0.9956449791273517
      },
      "question": {
        "target": 1.0,
        "spd_full": 1.0
      },
      "color": {
        "target": 0.9977355104714838,
        "spd_full": 0.9976197936323694
      },
      "food": {
        "target": 0.9984337749933778,
        "spd_full": 0.9984337749933778
      },
      "sentiment": {
        "target": 0.99803753612839,
        "spd_full": 0.9977882212989658
      },
      "country": {
        "target": 0.9996088777636342,
        "spd_full": 0.9996070999352871
      },
      "person": {
        "target": 0.9999253073070794,
        "spd_full": 0.9999377560892329
      },
      "body_part": {
        "target": 0.9977065647362104,
        "spd_full": 0.9976923418818614
      }
    }
  },
  "summary": {
    "C_total": 40,
    "C_alive": 40,
    "n_components_per_feature": {
      "number": 8,
      "question": 8,
      "color": 8,
      "food": 8,
      "sentiment": 8,
      "country": 8,
      "person": 8,
      "body_part": 8
    },
    "n_country_components": 8,
    "n_country_dominant_components": 13,
    "mean_monosemanticity_alive": 0.20601601307058898,
    "effect_matrix": [
      [
        0.042182497680187225,
        0.041338540613651276,
        0.03418717533349991,
        0.07136233896017075,
        0.05810676887631416,
        0.13050836324691772,
        0.04428749531507492,
        0.030124792829155922
      ],
      [
        0.02754511684179306,
        0.07881329208612442,
        0.02744646742939949,
        0.05062566325068474,
        0.04077158495783806,
        0.04931475967168808,
        0.04629118740558624,
        0.03298334404826164
      ],
      [
        0.026713188737630844,
        0.032155245542526245,
        0.021725010126829147,
        0.045641783624887466,
        0.03369070217013359,
        0.02728108875453472,
        0.02644357830286026,
        0.029196469113230705
      ],
      [
        6.62398624420166,
        8.096126556396484,
        6.213241100311279,
        7.589404582977295,
        6.5155930519104,
        4.040753364562988,
        5.9271063804626465,
        5.991000652313232
      ],
      [
        0.027746886014938354,
        0.034158140420913696,
        0.025603417307138443,
        0.02415316551923752,
        0.022537779062986374,
        0.024934960529208183,
        0.018655551597476006,
        0.01584489457309246
      ],
      [
        0.024699142202734947,
        0.04189353436231613,
        0.01677047461271286,
        0.030171900987625122,
        0.031395189464092255,
        0.029705185443162918,
        0.03838804364204407,
        0.027508854866027832
      ],
      [
        0.02435600943863392,
        0.031229786574840546,
        0.02045220322906971,
        0.0459585040807724,
        0.037404268980026245,
        0.032392509281635284,
        0.029701920226216316,
        0.02381112053990364
      ],
      [
        2.5728957653045654,
        5.01619291305542,
        5.019815444946289,
        3.5009713172912598,
        5.253119468688965,
        10.711639404296875,
        4.543560981750488,
        4.316738605499268
      ],
      [
        4.451425552368164,
        6.648887634277344,
        8.730210304260254,
        7.524601459503174,
        6.1818108558654785,
        7.413862705230713,
        7.9983086585998535,
        6.845617771148682
      ],
      [
        0.08620841801166534,
        0.514570951461792,
        0.34633585810661316,
        0.6711936593055725,
        0.3353095054626465,
        0.4409932494163513,
        0.21922259032726288,
        0.32119128108024597
      ],
      [
        0.02713928185403347,
        0.05919551104307175,
        0.033195894211530685,
        0.044156014919281006,
        0.06651993840932846,
        0.11485184729099274,
        0.043851494789123535,
        0.047992754727602005
      ],
      [
        0.04152325540781021,
        0.031759630888700485,
        0.04194312170147896,
        0.05743976682424545,
        0.029368765652179718,
        0.07405881583690643,
        0.03185715898871422,
        0.03070851042866707
      ],
      [
        0.0395183190703392,
        0.0845574364066124,
        0.03382625803351402,
        0.033356644213199615,
        0.08803140372037888,
        0.04957432299852371,
        0.06525342166423798,
        0.05104312673211098
      ],
      [
        0.09589744359254837,
        0.16590923070907593,
        0.2233639657497406,
        0.24368812143802643,
        0.18465575575828552,
        0.22233928740024567,
        0.16449907422065735,
        0.09589948505163193
      ],
      [
        0.021611962467432022,
        0.025307241827249527,
        0.026101090013980865,
        0.03125672787427902,
        0.04341046139597893,
        0.03628974035382271,
        0.032818760722875595,
        0.02577185444533825
      ],
      [
        0.043890535831451416,
        0.09990532696247101,
        0.039645999670028687,
        0.09536000341176987,
        0.06755176186561584,
        0.12405501306056976,
        0.1209033653140068,
        0.10634669661521912
      ],
      [
        0.026690805330872536,
        0.06597679853439331,
        0.02668382041156292,
        0.07896411418914795,
        0.09978785365819931,
        0.0748254582285881,
        0.0276551004499197,
        0.04509758949279785
      ],
      [
        0.021647736430168152,
        0.023063454777002335,
        0.025654984638094902,
        0.025251731276512146,
        0.029979011043906212,
        0.04245608672499657,
        0.026352763175964355,
        0.026045162230730057
      ],
      [
        0.029550520703196526,
        0.07299559563398361,
        0.02978679910302162,
        0.0431571826338768,
        0.06262937933206558,
        0.10657698661088943,
        0.046302612870931625,
        0.0535544790327549
      ],
      [
        0.03353273123502731,
        0.033153895288705826,
        0.07529225945472717,
        0.06602827459573746,
        0.05730768293142319,
        0.046165160834789276,
        0.030178116634488106,
        0.06443808227777481
      ],
      [
        0.09227284789085388,
        0.3071310818195343,
        0.07464158535003662,
        0.05004587024450302,
        0.19328539073467255,
        0.11302530020475388,
        0.1333646923303604,
        0.18738433718681335
      ],
      [
        0.17623929679393768,
        0.27381449937820435,
        0.15697863698005676,
        0.19183588027954102,
        0.08075430989265442,
        0.25635772943496704,
        0.2027340829372406,
        0.13233579695224762
      ],
      [
        0.019850902259349823,
        0.025807172060012817,
        0.023444244638085365,
        0.026882199570536613,
        0.023923439905047417,
        0.026613829657435417,
        0.02114042267203331,
        0.027896301820874214
      ],
      [
        0.025799700990319252,
        0.020825626328587532,
        0.03380069136619568,
        0.02759547345340252,
        0.04399970918893814,
        0.03400658816099167,
        0.03697722777724266,
        0.09578821063041687
      ],
      [
        0.07160315662622452,
        0.1813991367816925,
        0.1929723173379898,
        0.3330806791782379,
        0.20948830246925354,
        0.14931845664978027,
        0.11113191395998001,
        0.19347651302814484
      ],
      [
        1.64369797706604,
        6.1086249351501465,
        3.685105085372925,
        2.4788661003112793,
        3.5043439865112305,
        4.116017818450928,
        4.2525200843811035,
        2.6347110271453857
      ],
