{
  "C": 40,
  "C_alive": 40,
  "country_auc_target": 0.9792365118336926,
  "country_auc_spd": 0.9788341324540335,
  "recon_rel": 0.0001295206965770044,
  "serves_country": 8,
  "serves_linear_mean": 8.0,
  "dominant_country": 0,
  "dominant_linear_sum": 40,
  "recon_k95": 7,
  "recon_full_auc": 0.9788341324540335,
  "redundancy": 0.0,
  "dominant_frac": 0.0
}