{
  "C": 120,
  "C_alive": 120,
  "country_auc_target": 0.9792365118336926,
  "country_auc_spd": 0.9787771583825773,
  "recon_rel": 0.0006349209536752726,
  "serves_country": 8,
  "serves_linear_mean": 7.285714285714286,
  "dominant_country": 2,
  "dominant_linear_sum": 118,
  "recon_k95": 6,
  "recon_full_auc": 0.9787771583825773,
  "redundancy": 0.3333333333333333,
  "dominant_frac": 0.016666666666666666
}