{
  "C": 40,
  "C_alive": 40,
  "country_auc_target": 0.99380782386699,
  "country_auc_spd": 0.9933011427880615,
  "recon_rel": 0.0018074806839245424,
  "serves_country": 9,
  "serves_linear_mean": 8.142857142857142,
  "dominant_country": 6,
  "dominant_linear_sum": 34,
  "recon_k95": 4,
  "recon_full_auc": 0.9933011427880615,
  "model_key": "order2_model",
  "seed": 1
}