{
  "C": 40,
  "C_alive": 40,
  "country_auc_target": 0.9786269476109543,
  "country_auc_spd": 0.9492163332645907,
  "recon_rel": 0.008187939066054431,
  "serves_country": 6,
  "serves_linear_mean": 3.0,
  "dominant_country": 38,
  "dominant_linear_sum": 2,
  "recon_k95": 5,
  "recon_full_auc": 0.9492163332645907,
  "model_key": "order3_pinwheel",
  "seed": 0
}