{
  "C": 120,
  "C_alive": 120,
  "country_auc_target": 0.9786269476109543,
  "country_auc_spd": 0.7383907808933232,
  "recon_rel": 0.1187778663847889,
  "serves_country": 4,
  "serves_linear_mean": 2.0,
  "dominant_country": 120,
  "dominant_linear_sum": 0,
  "recon_k95": 3,
  "recon_full_auc": 0.7383907808933232,
  "model_key": "order3_pinwheel",
  "seed": 0
}