{
  "C": 80,
  "C_alive": 80,
  "country_auc_target": 0.9786269476109543,
  "country_auc_spd": 0.7444585090420349,
  "recon_rel": 0.11528278412628233,
  "serves_country": 15,
  "serves_linear_mean": 2.0,
  "dominant_country": 78,
  "dominant_linear_sum": 2,
  "recon_k95": 5,
  "recon_full_auc": 0.7444585090420349,
  "model_key": "order3_pinwheel",
  "seed": 1
}