{
  "order2_model_C40": {
    "recon95": [
      7,
      4
    ],
    "dom": [
      5,
      6
    ],
    "dom_lin": [
      35,
      34
    ],
    "serves": [
      8,
      9
    ],
    "cauc": [
      0.9929651332304563,
      0.9933011427880615
    ],
    "rel": [
      0.006727934053438925,
      0.0018074806839245424
    ]
  },
  "order2_model_C80": {
    "recon95": [
      7,
      6
    ],
    "dom": [
      6,
      18
    ],
    "dom_lin": [
      74,
      62
    ],
    "serves": [
      9,
      9
    ],
    "cauc": [
      0.9942985044907944,
      0.9936389301740138
    ],
    "rel": [
      0.0068035285143851305,
      0.0005904396262692266
    ]
  },
  "order2_model_C120": {
    "recon95": [
      7,
      6
    ],
    "dom": [
      23,
      14
    ],
    "dom_lin": [
      97,
      106
    ],
    "serves": [
      9,
      8
    ],
    "cauc": [
      0.9924424516964038,
      0.9946451810184823
    ],
    "rel": [
      0.008820430546014873,
      0.0029869247159596286
    ]
  },
  "order3_pinwheel_C40": {
    "recon95": [
      5,
      6
    ],
    "dom": [
      38,
      38
    ],
    "dom_lin": [
      2,
      2
    ],
    "serves": [
      6,
      9
    ],
    "cauc": [
      0.9492163332645907,
      0.9229222520107239
    ],
    "rel": [
      0.008187939066054431,
      0.008704017731069274
    ]
  },
  "order3_pinwheel_C80": {
    "recon95": [
      8,
      5
    ],
    "dom": [
      79,
      78
    ],
    "dom_lin": [
      1,
      2
    ],
    "serves": [
      11,
      15
    ],
    "cauc": [
      0.8737190746759019,
      0.7444585090420349
    ],
    "rel": [
      0.03918656892668739,
      0.11528278412628233
    ]
  },
  "order3_pinwheel_C120": {
    "recon95": [
      4,
      5
    ],
    "dom": [
      120,
      120
    ],
    "dom_lin": [
      0,
      0
    ],
    "serves": [
      7,
      7
    ],
    "cauc": [
      0.774903819486421,
      0.6570640231544363
    ],
    "rel": [
      0.08634151175769438,
      0.09867000427755651
    ]
  }
}