{
  "order2_model_C40": {
    "recon95": [
      7,
      4
    ],
    "dom": [
      5,
      6
    ],
    "redund": [
      0.7142857142857143,
      1.5
    ],
    "cauc": [
      0.9929651332304563,
      0.9933011427880615
    ],
    "rel": [
      0.006727934053438925,
      0.0018074806839245424
    ]
  },
  "order2_model_C80": {
    "recon95": [
      7,
      6
    ],
    "dom": [
      6,
      18
    ],
    "redund": [
      0.8571428571428571,
      3.0
    ],
    "cauc": [
      0.9942985044907944,
      0.9936389301740138
    ],
    "rel": [
      0.0068035285143851305,
      0.0005904396262692266
    ]
  },
  "order2_model_C120": {
    "recon95": [
      7,
      6
    ],
    "dom": [
      23,
      14
    ],
    "redund": [
      3.2857142857142856,
      2.3333333333333335
    ],
    "cauc": [
      0.9924424516964038,
      0.9946451810184823
    ],
    "rel": [
      0.008820430546014873,
      0.0029869247159596286
    ]
  },
  "order3_pinwheel_C40": {
    "recon95": [
      5,
      6
    ],
    "dom": [
      38,
      38
    ],
    "redund": [
      7.6,
      6.333333333333333
    ],
    "cauc": [
      0.9492163332645907,
      0.9229222520107239
    ],
    "rel": [
      0.008187939066054431,
      0.008704017731069274
    ]
  },
  "order3_pinwheel_C80": {
    "recon95": [
      8,
      5
    ],
    "dom": [
      79,
      78
    ],
    "redund": [
      9.875,
      15.6
    ],
    "cauc": [
      0.8737190746759019,
      0.7444585090420349
    ],
    "rel": [
      0.03918656892668739,
      0.11528278412628233
    ]
  },
  "order3_pinwheel_C120": {
    "recon95": [
      4,
      5
    ],
    "dom": [
      120,
      120
    ],
    "redund": [
      30.0,
      24.0
    ],
    "cauc": [
      0.774903819486421,
      0.6570640231544363
    ],
    "rel": [
      0.08634151175769438,
      0.09867000427755651
    ]
  },
  "e2b_cubic_C40": {
    "recon95": [
      7
    ],
    "dom": [
      0
    ],
    "redund": [
      0.0
    ],
    "cauc": [
      0.9788341324540335
    ],
    "rel": [
      0.0001295206965770044
    ]
  },
  "e2b_cubic_C80": {
    "recon95": [
      7
    ],
    "dom": [
      1
    ],
    "redund": [
      0.14285714285714285
    ],
    "cauc": [
      0.9790994179742513
    ],
    "rel": [
      0.0002743330492966935
    ]
  },
  "e2b_cubic_C120": {
    "recon95": [
      6
    ],
    "dom": [
      2
    ],
    "redund": [
      0.3333333333333333
    ],
    "cauc": [
      0.9787771583825773
    ],
    "rel": [
      0.0006349209536752726
    ]
  }
}