{
  "model_key": "e2b_cubic",
  "C": 120,
  "seed": 0,
  "country_auc_target": 0.9792365118336926,
  "country_auc_spd": 0.9788216693759024,
  "PR_effective_components": 8.965175065042414,
  "PR_frac": 0.07470979220868679,
  "recon_k95": 5,
  "n_eff_above_5pct": 10
}